.,UF,Município,Empreendimento,Eixo,Subeixo,Modalidade,Classificação,Estágio,Estimativa do valor total do empreendimento no Novo PAC (2023-2030) (R$),Percentual de execução do empreendimento (%),Tipo de Executor,Link
2500,MS,Aral Moreira,Ampliação do Sistema de Abastecimento de Água - SAA do Distrito de Rio Verde do Sul e de Aral Moreira/MS,Água Para Todos,Abastecimento de água,Seleção - Abastecimento de Água,Obra,Em ação preparatória,"4.313.695,00",-,Estadual,Mais Informações
2876,MS,Dourados,Ampliação do Sistema de Abastecimento de Água - SAA,Água Para Todos,Abastecimento de água,Seleção - Abastecimento de Água,Obra,Em ação preparatória,"8.530.305,00",-,Estadual,Mais Informações
1807,MS,Dourados,Ampliação do Sistema de Abastecimento de Água (SAA),Água Para Todos,Abastecimento de água,"Retomada, conclusão e novas obras",Obra,Em execução,"14.841.230,00","85,5",Estadual,
2504,MS,Inocência,Ampliação do Sistema de Abastecimento de Água - SAA,Água Para Todos,Abastecimento de água,Seleção - Abastecimento de Água,Obra,Em ação preparatória,"12.445.249,00",-,Estadual,Mais Informações
2612,MS,Itaquiraí,Ampliação do Sistema de Abastecimento de Água - SAA,Água Para Todos,Abastecimento de água,Seleção - Abastecimento de Água,Obra,Em ação preparatória,"5.762.305,00",-,Estadual,Mais Informações
2488,MS,Miranda,Ampliação do Sistema de Abastecimento de Água - SAA,Água Para Todos,Abastecimento de água,Seleção - Abastecimento de Água,Obra,Em ação preparatória,"10.477.720,00",-,Estadual,Mais Informações
2490,MS,Naviraí,Ampliação do Sistema de Abastecimento de Água - SAA,Água Para Todos,Abastecimento de água,Seleção - Abastecimento de Água,Obra,Em ação preparatória,"11.752.889,00",-,Estadual,Mais Informações
2506,MS,Pedro Gomes,Ampliação do Sistema de Abastecimento de Água - SAA,Água Para Todos,Abastecimento de água,Seleção - Abastecimento de Água,Obra,Em ação preparatória,"4.374.367,00",-,Estadual,Mais Informações
2508,MS,Ponta Porã,Ampliação do Sistema de Abastecimento de Água - SAA do Distrito de Sanga Puitã e de Ponta Porã/MS,Água Para Todos,Abastecimento de água,Seleção - Abastecimento de Água,Obra,Em ação preparatória,"11.711.944,00",-,Estadual,Mais Informações
1806,MS,Ponta Porã,Ampliação do Sistema de Abastecimento de Água (SAA),Água Para Todos,Abastecimento de água,"Retomada, conclusão e novas obras",Obra,Em ação preparatória,"3.816.627,00",-,Estadual,
2510,MS,Rio Brilhante,Ampliação do Sistema de Abastecimento de Água - SAA,Água Para Todos,Abastecimento de água,Seleção - Abastecimento de Água,Obra,Em ação preparatória,"15.686.680,00",-,Estadual,Mais Informações
1805,MS,Três Lagoas,Ampliação do Sistema de Abastecimento de Água (SAA),Água Para Todos,Abastecimento de água,"Retomada, conclusão e novas obras",Obra,Em execução,"2.930.979,00","96,40",Estadual,
22070,MS,-,Implementação de tecnologias sociais de acesso à água - MS,Água Para Todos,Água para quem mais precisa,Cisternas,Obra,Em ação preparatória,"6.909.726,95",-,Federal,
10489,MS,Coronel Sapucaia,Acesso à água na Aldeia TAQUAPERY em CORONEL SAPUCAIA - MS,Água Para Todos,Água para quem mais precisa,Sistemas simplificados – Aldeias Indígenas,Obra,Em execução,"2.266.858,18","71,9",Federal,
10490,MS,Miranda,Acesso à água na Aldeia BABAÇU em MIRANDA - MS,Água Para Todos,Água para quem mais precisa,Sistemas simplificados – Aldeias Indígenas,Obra,Em execução,"1.297.671,60","84,2",Federal,
10493,MS,Miranda,Acesso à água na Aldeia CACHOEIRINHA em MIRANDA/MS,Água Para Todos,Água para quem mais precisa,Sistemas simplificados – Aldeias Indígenas,Obra,Em execução,"1.355.907,45","49,1",Federal,
10487,MS,Miranda,Acesso à água na Aldeia PASSARINHO em MIRANDA - MS,Água Para Todos,Água para quem mais precisa,Sistemas simplificados – Aldeias Indígenas,Obra,Em execução,"761.359,39","90,6",Federal,
10494,MS,Nioaque,Acesso à água na Aldeia BREJÃO em NIOAQUE - MS,Água Para Todos,Água para quem mais precisa,Sistemas simplificados – Aldeias Indígenas,Obra,Em execução,"569.220,05","99,00",Federal,
10488,MS,Paranhos,Acesso à água na Aldeia PARAGUASSU em PARANHOS - MS,Água Para Todos,Água para quem mais precisa,Sistemas simplificados – Aldeias Indígenas,Obra,Em execução,"1.838.741,35","69,1",Federal,
10442,MS,Paranhos,Acesso à água na Aldeia POTRERO GUASSU em PARANHOS - MS,Água Para Todos,Água para quem mais precisa,Sistemas simplificados – Aldeias Indígenas,Obra,Em execução,"1.683.540,44","79,4",Federal,
1833,MS,Amambai,Ampliação do Sistema de Esgotamento Sanitário (SES),Cidades Sustentáveis e Resilientes,Esgotamento sanitário,"Retomada, conclusão e novas obras",Obra,Concluído,"10.439.644,00",-,Estadual,
1898,MS,Anastácio,Ampliação do Sistema de Esgotamento Sanitário (SES),Cidades Sustentáveis e Resilientes,Esgotamento sanitário,"Retomada, conclusão e novas obras",Obra,Concluído,"2.770.155,00",-,Estadual,
3366,MS,Aquidauana,Ampliação do Sistema de Esgotamento Sanitário - SES,Cidades Sustentáveis e Resilientes,Esgotamento sanitário,Seleção - Esgotamento Sanitário,Obra,Em ação preparatória,"17.644.472,00",-,Estadual,Mais Informações
1834,MS,Aquidauana,Ampliação do Sistema de Esgotamento Sanitário (SES),Cidades Sustentáveis e Resilientes,Esgotamento sanitário,"Retomada, conclusão e novas obras",Obra,Em execução,"5.069.950,00","94,4",Estadual,
1899,MS,Aral Moreira,Ampliação do Sistema de Esgotamento Sanitário (SES),Cidades Sustentáveis e Resilientes,Esgotamento sanitário,"Retomada, conclusão e novas obras",Obra,Concluído,"2.022.645,00",-,Estadual,
3764,MS,Bela Vista,"Implantação, Ampliação Ou Melhorias Em Sistemas de Esgotamento Sanitário em Áreas Urbanas",Cidades Sustentáveis e Resilientes,Esgotamento sanitário,Seleção - Esgotamento Sanitário,Obra,Em ação preparatória,"3.500.000,00",-,Municipal,Mais Informações
1918,MS,Brasilândia,Ampliação do Sistema de Esgotamento Sanitário (SES),Cidades Sustentáveis e Resilientes,Esgotamento sanitário,"Retomada, conclusão e novas obras",Obra,Em execução,"7.112.240,00","98,6",Estadual,
1919,MS,Caarapó,Ampliação do Sistema de Esgotamento Sanitário (SES),Cidades Sustentáveis e Resilientes,Esgotamento sanitário,"Retomada, conclusão e novas obras",Obra,Em execução,"11.403.583,00","62,6",Estadual,
1920,MS,Camapuã,Ampliação do Sistema de Esgotamento Sanitário (SES),Cidades Sustentáveis e Resilientes,Esgotamento sanitário,"Retomada, conclusão e novas obras",Obra,Em execução,"8.617.019,00","75,6",Estadual,
1921,MS,Caracol,Ampliação do Sistema de Esgotamento Sanitário (SES),Cidades Sustentáveis e Resilientes,Esgotamento sanitário,"Retomada, conclusão e novas obras",Obra,Em ação preparatória,"3.569.633,00",-,Estadual,
1835,MS,Chapadão do Sul,Ampliação do Sistema de Esgotamento Sanitário (SES),Cidades Sustentáveis e Resilientes,Esgotamento sanitário,"Retomada, conclusão e novas obras",Obra,Concluído,"5.287.167,00",-,Estadual,
384,MS,Corumbá,Ampliação do Sistema de Esgotamento Sanitário (SES),Cidades Sustentáveis e Resilientes,Esgotamento sanitário,"Retomada, conclusão e novas obras",Obra,Concluído,"104.430,28",-,Estadual,
1885,MS,Costa Rica,Ampliação do Sistema de Esgotamento Sanitário (SES),Cidades Sustentáveis e Resilientes,Esgotamento sanitário,"Retomada, conclusão e novas obras",Obra,Concluído,"8.650.804,00",-,Municipal,
3370,MS,Coxim,Ampliação do Sistema de Esgotamento Sanitário - SES,Cidades Sustentáveis e Resilientes,Esgotamento sanitário,Seleção - Esgotamento Sanitário,Obra,Em ação preparatória,"29.067.584,00",-,Estadual,Mais Informações
3372,MS,Deodápolis,Ampliação do Sistema de Esgotamento Sanitário - SES,Cidades Sustentáveis e Resilientes,Esgotamento sanitário,Seleção - Esgotamento Sanitário,Obra,Em ação preparatória,"8.500.476,00",-,Estadual,Mais Informações
468,MS,Dourados,Ampliação do Sistema de Esgotamento Sanitário (SES),Cidades Sustentáveis e Resilientes,Esgotamento sanitário,"Retomada, conclusão e novas obras",Obra,Em ação preparatória,"21.182.527,90",-,Estadual,
1836,MS,Guia Lopes da Laguna,Ampliação do Sistema de Esgotamento Sanitário (SES),Cidades Sustentáveis e Resilientes,Esgotamento sanitário,"Retomada, conclusão e novas obras",Obra,Concluído,"2.810.393,00",-,Estadual,
1900,MS,Itaporã,Ampliação do Sistema de Esgotamento Sanitário (SES),Cidades Sustentáveis e Resilientes,Esgotamento sanitário,"Retomada, conclusão e novas obras",Obra,Em execução,"6.860.445,00","55,3",Estadual,
1901,MS,Ivinhema,Ampliação do Sistema de Esgotamento Sanitário (SES),Cidades Sustentáveis e Resilientes,Esgotamento sanitário,"Retomada, conclusão e novas obras",Obra,Em execução,"2.282.820,00","98,2",Estadual,
1837,MS,Jardim,Ampliação do Sistema de Esgotamento Sanitário (SES),Cidades Sustentáveis e Resilientes,Esgotamento sanitário,"Retomada, conclusão e novas obras",Obra,Em execução,"4.407.014,00","86,7",Estadual,
1922,MS,Ladário,Ampliação do Sistema de Esgotamento Sanitário (SES),Cidades Sustentáveis e Resilientes,Esgotamento sanitário,"Retomada, conclusão e novas obras",Obra,Concluído,"3.385.226,00",-,Estadual,
1923,MS,Laguna Carapã,Implantação do Sistema de Esgotamento Sanitário (SES),Cidades Sustentáveis e Resilientes,Esgotamento sanitário,"Retomada, conclusão e novas obras",Obra,Concluído,"3.413.228,00",-,Estadual,
1838,MS,Maracaju,Ampliação do Sistema de Esgotamento Sanitário (SES),Cidades Sustentáveis e Resilientes,Esgotamento sanitário,"Retomada, conclusão e novas obras",Obra,Em execução,"4.942.292,00","92,8",Estadual,
3704,MS,Maracaju,Implantação do Sistema de Esgotamento Sanitário - SES de Vista Alegre,Cidades Sustentáveis e Resilientes,Esgotamento sanitário,Seleção - Esgotamento Sanitário,Obra,Em ação preparatória,"9.539.099,93",-,Estadual,Mais Informações
1924,MS,Miranda,Ampliação do Sistema de Esgotamento Sanitário (SES),Cidades Sustentáveis e Resilientes,Esgotamento sanitário,"Retomada, conclusão e novas obras",Obra,Em execução,"10.996.352,00","43,3",Estadual,
1902,MS,Mundo Novo,Implantação do Sistema de Esgotamento Sanitário (SES),Cidades Sustentáveis e Resilientes,Esgotamento sanitário,"Retomada, conclusão e novas obras",Obra,Em execução,"5.163.999,00","90,7",Estadual,
1839,MS,Naviraí,Ampliação do Sistema de Esgotamento Sanitário (SES),Cidades Sustentáveis e Resilientes,Esgotamento sanitário,"Retomada, conclusão e novas obras",Obra,Em execução,"17.272.760,00","95,5",Estadual,
1925,MS,Nioaque,Ampliação do Sistema de Esgotamento Sanitário (SES),Cidades Sustentáveis e Resilientes,Esgotamento sanitário,"Retomada, conclusão e novas obras",Obra,Em execução,"6.317.544,00","96,9",Estadual,
1840,MS,Nova Andradina,Ampliação do Sistema de Esgotamento Sanitário (SES),Cidades Sustentáveis e Resilientes,Esgotamento sanitário,"Retomada, conclusão e novas obras",Obra,Em execução,"8.591.822,00",85,Estadual,
1841,MS,Paranaíba,Ampliação do Sistema de Esgotamento Sanitário (SES),Cidades Sustentáveis e Resilientes,Esgotamento sanitário,"Retomada, conclusão e novas obras",Obra,Em execução,"7.741.849,00","60,7",Estadual,
1926,MS,Pedro Gomes,Ampliação do Sistema de Esgotamento Sanitário (SES),Cidades Sustentáveis e Resilientes,Esgotamento sanitário,"Retomada, conclusão e novas obras",Obra,Em execução,"1.060.904,00","95,60",Estadual,
3376,MS,Ribas do Rio Pardo,Ampliação do Sistema de Esgotamento Sanitário - SES,Cidades Sustentáveis e Resilientes,Esgotamento sanitário,Seleção - Esgotamento Sanitário,Obra,Em ação preparatória,"26.882.387,00",-,Estadual,Mais Informações
1903,MS,Rio Brilhante,Ampliação do Sistema de Esgotamento Sanitário (SES),Cidades Sustentáveis e Resilientes,Esgotamento sanitário,"Retomada, conclusão e novas obras",Obra,Concluído,"7.322.627,00",-,Estadual,
3696,MS,Rio Brilhante,Implantação de Sistema de Esgotamento Sanitário - SES,Cidades Sustentáveis e Resilientes,Esgotamento sanitário,Seleção - Esgotamento Sanitário,Obra,Em ação preparatória,"13.545.796,12",-,Estadual,Mais Informações
1904,MS,Rio Negro,Implantação do Sistema de Esgotamento Sanitário (SES),Cidades Sustentáveis e Resilientes,Esgotamento sanitário,"Retomada, conclusão e novas obras",Obra,Concluído,"1.828.907,00",-,Estadual,
1927,MS,Selvíria,Implantação do Sistema de Esgotamento Sanitário (SES),Cidades Sustentáveis e Resilientes,Esgotamento sanitário,"Retomada, conclusão e novas obras",Obra,Em execução,"7.574.574,00","97,1",Estadual,
1842,MS,Sidrolândia,Ampliação do Sistema de Esgotamento Sanitário (SES),Cidades Sustentáveis e Resilientes,Esgotamento sanitário,"Retomada, conclusão e novas obras",Obra,Concluído,"6.882.532,00",-,Estadual,
3698,MS,Sidrolândia,Implantação de Sistema de Esgotamento Sanitário - SES,Cidades Sustentáveis e Resilientes,Esgotamento sanitário,Seleção - Esgotamento Sanitário,Obra,Em ação preparatória,"8.171.035,80",-,Estadual,Mais Informações
3702,MS,Sonora,Implantação de Sistema de Esgotamento Sanitário - SES,Cidades Sustentáveis e Resilientes,Esgotamento sanitário,Seleção - Esgotamento Sanitário,Obra,Em ação preparatória,"1.690.231,00",-,Estadual,Mais Informações
456,MS,Três Lagoas,Ampliação do Sistema de Esgotamento Sanitário (SES) - Estação de Tratamento de Esgoto (ETE) Paraná,Cidades Sustentáveis e Resilientes,Esgotamento sanitário,"Retomada, conclusão e novas obras",Obra,Em execução,"24.174.871,87","68,3",Estadual,
5464,MS,Ponta Porã,"Ampliação e modernização da Unidade de Triagem de Resíduos Recicláveis e aquisição de equipamentos para melhoria das atividades de coleta, triagem e processamento dos materiais reutilizáveis e recicláveis.",Cidades Sustentáveis e Resilientes,Gestão de Resíduos Sólidos,Seleção - Gestão de Resíduos Sólidos,Obra,Em ação preparatória,"3.641.130,50",-,Municipal,Mais Informações
5466,MS,"Ponta Porã, Aral Moreira, Antônio João",Obras e serviços de engenharia para construção de aterro sanitário para resíduos sólidos urbanos e domiciliares.,Cidades Sustentáveis e Resilientes,Gestão de Resíduos Sólidos,Seleção - Gestão de Resíduos Sólidos,Obra,Em ação preparatória,"27.814.945,00",-,Municipal,Mais Informações
2323,MS,-,Minha Casa Minha Vida - Faixa 1 - Mato Grosso do Sul,Cidades Sustentáveis e Resilientes,Minha Casa Minha Vida,Faixa 1,Obra,Concluído,"640.441.053,00",-,Privado,
2378,MS,-,Minha Casa Minha Vida - Faixa 2 - Mato Grosso do Sul,Cidades Sustentáveis e Resilientes,Minha Casa Minha Vida,Faixa 2,Obra,Concluído,"604.458.938,00",-,Privado,
2424,MS,-,Minha Casa Minha Vida - Faixa 3 - Mato Grosso do Sul,Cidades Sustentáveis e Resilientes,Minha Casa Minha Vida,Faixa 3,Obra,Concluído,"661.278.663,00",-,Privado,
2288,MS,-,Minha Casa Minha Vida - Retomada e Conclusão de Obras - Mato Grosso do Sul,Cidades Sustentáveis e Resilientes,Minha Casa Minha Vida,Retomada e Conclusão de Obras,Obra,Em execução,"2.866.987,81","46,2",Privado,
3978,MS,Campo Grande,Estudos e Projetos - Terminais e Requalificação do entorno,Cidades Sustentáveis e Resilientes,Mobilidade Urbana Sustentável,Seleção - Mobilidade Urbana Sustentável,Estudo / Projeto / Plano,Em ação preparatória,"1.512.033,85",-,Municipal,Mais Informações
4878,MS,Campo Grande,Urbanização e qualificação do Jardim Samambaia,Cidades Sustentáveis e Resilientes,Periferia Viva - Urbanização de Favelas,Seleção - Periferia Viva - Urbanização de Favelas,Obra,Em ação preparatória,"30.525.000,00",-,Estadual,Mais Informações
5152,MS,Naviraí,Regularização Fundiária,Cidades Sustentáveis e Resilientes,Periferia Viva - Urbanização de Favelas,Seleção - Regularização Fundiária,Estudo / Projeto / Plano,Em ação preparatória,"1.000.000,00",-,Municipal,Mais Informações
5196,MS,Ponta Porã,Regularização Fundiária,Cidades Sustentáveis e Resilientes,Periferia Viva - Urbanização de Favelas,Seleção - Regularização Fundiária,Estudo / Projeto / Plano,Em ação preparatória,"1.000.000,00",-,Municipal,Mais Informações
527,MS,Campo Grande,"Complexo Anhanduí, Cabaça e Areias",Cidades Sustentáveis e Resilientes,Prevenção a Desastres: Contenção de Encostas e Drenagem,"Retomada, conclusão e novas obras - Drenagem",Obra,Em execução,"10.912.819,08","92,6",Municipal,
4790,MS,Campo Grande,Recuperação e adequação de drenagens e manejo de águas fluviais / Prevenção a desastres no Fundo de Vale do Rio Anhanduizinho.,Cidades Sustentáveis e Resilientes,Prevenção a Desastres: Contenção de Encostas e Drenagem,Seleção - Drenagem,Obra,Em ação preparatória,"150.000.000,00",-,Municipal,Mais Informações
4458,MS,Ponta Porã,"Drenagem para controle de erosões - encostas do fundo de vale do rio São João, na Rua Belo Horizonte",Cidades Sustentáveis e Resilientes,Prevenção a Desastres: Contenção de Encostas e Drenagem,Seleção - Drenagem,Obra,Em ação preparatória,"25.497.540,00",-,Municipal,Mais Informações
4406,MS,Três Lagoas,Canalização do Córrego Brasília (Fundo de Vale),Cidades Sustentáveis e Resilientes,Prevenção a Desastres: Contenção de Encostas e Drenagem,Seleção - Drenagem,Obra,Em ação preparatória,"25.137.265,00",-,Municipal,Mais Informações
4410,MS,Três Lagoas,Canalização do Córrego Onça (Fundo de Vale),Cidades Sustentáveis e Resilientes,Prevenção a Desastres: Contenção de Encostas e Drenagem,Seleção - Drenagem,Obra,Em ação preparatória,"51.613.442,00",-,Municipal,Mais Informações
1928,MS,Três Lagoas,Córregos Japão e do Onça,Cidades Sustentáveis e Resilientes,Prevenção a Desastres: Contenção de Encostas e Drenagem,"Retomada, conclusão e novas obras - Drenagem",Obra,Concluído,"37.853.837,00",-,Municipal,
11675,MS,Água Clara,Creche e/ou Escola de Educação Infantil,"Educação, Ciência e Tecnologia",Educação Básica,Seleção - Creches e Escolas de Educação Infantil,Obra,Em licitação / Leilão,"5.549.425,15",-,Municipal,Mais Informações
9281,MS,Amambai,Creche e/ou Escola de Educação Infantil,"Educação, Ciência e Tecnologia",Educação Básica,"Retomada e conclusão de obras - Creches, Escolas, Quadras e Cobertura de Quadras",Obra,Em execução,"319.891,95",100,Municipal,
9282,MS,Amambai,Creche e/ou Escola de Educação Infantil,"Educação, Ciência e Tecnologia",Educação Básica,"Retomada e conclusão de obras - Creches, Escolas, Quadras e Cobertura de Quadras",Obra,Concluído,"363.514,29",-,Municipal,
12129,MS,Amambai,Creche e/ou Escola de Educação Infantil,"Educação, Ciência e Tecnologia",Educação Básica,Seleção - Creches e Escolas de Educação Infantil,Obra,Em licitação / Leilão,"5.549.425,15",-,Municipal,Mais Informações
13041,MS,Amambai,Escola em Tempo Integral,"Educação, Ciência e Tecnologia",Educação Básica,Seleção - Escolas em Tempo Integral,Obra,Em ação preparatória,"11.395.866,16",-,Municipal,Mais Informações
14180,MS,Amambai,Transporte Escolar,"Educação, Ciência e Tecnologia",Educação Básica,Seleção - Transporte Escolar,Equipamento,Concluído,"469.499,00",-,Municipal,Mais Informações
11964,MS,Anaurilândia,Creche e/ou Escola de Educação Infantil,"Educação, Ciência e Tecnologia",Educação Básica,Seleção - Creches e Escolas de Educação Infantil,Obra,Em licitação / Leilão,"3.265.044,36",-,Municipal,Mais Informações
13818,MS,Anaurilândia,Transporte Escolar,"Educação, Ciência e Tecnologia",Educação Básica,Seleção - Transporte Escolar,Equipamento,Concluído,"398.500,00",-,Municipal,Mais Informações
11596,MS,Antônio João,Creche e/ou Escola de Educação Infantil,"Educação, Ciência e Tecnologia",Educação Básica,Seleção - Creches e Escolas de Educação Infantil,Obra,Em ação preparatória,"5.549.425,15",-,Municipal,Mais Informações
12297,MS,Aparecida do Taboado,Creche e/ou Escola de Educação Infantil,"Educação, Ciência e Tecnologia",Educação Básica,Seleção - Creches e Escolas de Educação Infantil,Obra,Em licitação / Leilão,"5.549.425,15",-,Municipal,Mais Informações
11201,MS,Aparecida do Taboado,Quadra e/ou Cobertura de Quadra,"Educação, Ciência e Tecnologia",Educação Básica,"Retomada e conclusão de obras - Creches, Escolas, Quadras e Cobertura de Quadras",Obra,Concluído,"223.101,52",-,Municipal,
12245,MS,Aquidauana,Creche e/ou Escola de Educação Infantil,"Educação, Ciência e Tecnologia",Educação Básica,Seleção - Creches e Escolas de Educação Infantil,Obra,Em licitação / Leilão,"3.265.044,36",-,Municipal,Mais Informações
13337,MS,Aquidauana,Transporte Escolar,"Educação, Ciência e Tecnologia",Educação Básica,Seleção - Transporte Escolar,Equipamento,Concluído,"398.500,00",-,Municipal,Mais Informações
8068,MS,Aral Moreira,Ampliação de Escola,"Educação, Ciência e Tecnologia",Educação Básica,"Retomada e conclusão de obras - Creches, Escolas, Quadras e Cobertura de Quadras",Obra,Concluído,"198.926,70",-,Municipal,
13271,MS,Aral Moreira,Escola em Tempo Integral,"Educação, Ciência e Tecnologia",Educação Básica,Seleção - Escolas em Tempo Integral,Obra,Em licitação / Leilão,"8.122.538,05",-,Municipal,Mais Informações
14220,MS,Aral Moreira,Transporte Escolar,"Educação, Ciência e Tecnologia",Educação Básica,Seleção - Transporte Escolar,Equipamento,Concluído,"581.878,00",-,Municipal,Mais Informações
13629,MS,Bandeirantes,Transporte Escolar,"Educação, Ciência e Tecnologia",Educação Básica,Seleção - Transporte Escolar,Equipamento,Concluído,"398.500,00",-,Municipal,Mais Informações
12218,MS,Bataguassu,Creche e/ou Escola de Educação Infantil,"Educação, Ciência e Tecnologia",Educação Básica,Seleção - Creches e Escolas de Educação Infantil,Obra,Em licitação / Leilão,"5.549.425,15",-,Municipal,Mais Informações
10004,MS,Batayporã,Quadra e/ou Cobertura de Quadra,"Educação, Ciência e Tecnologia",Educação Básica,"Retomada e conclusão de obras - Creches, Escolas, Quadras e Cobertura de Quadras",Obra,Em ação preparatória,"178.391,70",-,Municipal,
11580,MS,Bela Vista,Creche e/ou Escola de Educação Infantil,"Educação, Ciência e Tecnologia",Educação Básica,Seleção - Creches e Escolas de Educação Infantil,Obra,Em licitação / Leilão,"5.549.425,15",-,Municipal,Mais Informações
13850,MS,Bela Vista,Transporte Escolar,"Educação, Ciência e Tecnologia",Educação Básica,Seleção - Transporte Escolar,Equipamento,Concluído,"412.000,00",-,Municipal,Mais Informações
8239,MS,Bodoquena,Reforma de Escola,"Educação, Ciência e Tecnologia",Educação Básica,"Retomada e conclusão de obras - Creches, Escolas, Quadras e Cobertura de Quadras",Obra,Concluído,"439.400,00",-,Estadual,
8665,MS,Bonito,Creche e/ou Escola de Educação Infantil,"Educação, Ciência e Tecnologia",Educação Básica,Pacto Nacional pela Retomada das Obras da Educação,Obra,Em ação preparatória,"2.293.645,25",-,Municipal,
12008,MS,Bonito,Creche e/ou Escola de Educação Infantil,"Educação, Ciência e Tecnologia",Educação Básica,Seleção - Creches e Escolas de Educação Infantil,Obra,Em licitação / Leilão,"3.265.044,36",-,Municipal,Mais Informações
14212,MS,Bonito,Transporte Escolar,"Educação, Ciência e Tecnologia",Educação Básica,Seleção - Transporte Escolar,Equipamento,Concluído,"469.499,00",-,Municipal,Mais Informações
12303,MS,Brasilândia,Creche e/ou Escola de Educação Infantil,"Educação, Ciência e Tecnologia",Educação Básica,Seleção - Creches e Escolas de Educação Infantil,Obra,Em licitação / Leilão,"3.265.044,36",-,Municipal,Mais Informações
11871,MS,Caarapó,Creche e/ou Escola de Educação Infantil,"Educação, Ciência e Tecnologia",Educação Básica,Seleção - Creches e Escolas de Educação Infantil,Obra,Em licitação / Leilão,"5.549.425,15",-,Municipal,Mais Informações
8287,MS,Caarapó,Quadra e/ou Cobertura de Quadra,"Educação, Ciência e Tecnologia",Educação Básica,"Retomada e conclusão de obras - Creches, Escolas, Quadras e Cobertura de Quadras",Obra,Em execução,"371.000,03",100,Estadual,
8350,MS,Caarapó,Reforma de Escola,"Educação, Ciência e Tecnologia",Educação Básica,"Retomada e conclusão de obras - Creches, Escolas, Quadras e Cobertura de Quadras",Obra,Em execução,"1.150.700,01",99,Estadual,
14536,MS,Caarapó,Transporte Escolar,"Educação, Ciência e Tecnologia",Educação Básica,Seleção - Transporte Escolar,Equipamento,Concluído,"399.000,00",-,Municipal,Mais Informações
8241,MS,Camapuã,Quadra e/ou Cobertura de Quadra,"Educação, Ciência e Tecnologia",Educação Básica,"Retomada e conclusão de obras - Creches, Escolas, Quadras e Cobertura de Quadras",Obra,Em execução,"910.927,95",77,Estadual,
3439,MS,Campo Grande,Creche e/ou Escola de Educação Infantil,"Educação, Ciência e Tecnologia",Educação Básica,Pacto Nacional pela Retomada das Obras da Educação,Obra,Em ação preparatória,"3.432.745,70",-,Municipal,
3597,MS,Campo Grande,Creche e/ou Escola de Educação Infantil,"Educação, Ciência e Tecnologia",Educação Básica,Pacto Nacional pela Retomada das Obras da Educação,Obra,Em ação preparatória,"2.021.822,86",-,Municipal,
3599,MS,Campo Grande,Creche e/ou Escola de Educação Infantil,"Educação, Ciência e Tecnologia",Educação Básica,Pacto Nacional pela Retomada das Obras da Educação,Obra,Em ação preparatória,"1.927.053,96",-,Municipal,
3601,MS,Campo Grande,Creche e/ou Escola de Educação Infantil,"Educação, Ciência e Tecnologia",Educação Básica,Pacto Nacional pela Retomada das Obras da Educação,Obra,Em ação preparatória,"2.027.918,29",-,Municipal,
9026,MS,Campo Grande,Creche e/ou Escola de Educação Infantil,"Educação, Ciência e Tecnologia",Educação Básica,"Retomada e conclusão de obras - Creches, Escolas, Quadras e Cobertura de Quadras",Obra,Em execução,"198.357,29",100,Municipal,
9027,MS,Campo Grande,Creche e/ou Escola de Educação Infantil,"Educação, Ciência e Tecnologia",Educação Básica,"Retomada e conclusão de obras - Creches, Escolas, Quadras e Cobertura de Quadras",Obra,Em execução,"595.071,84",70,Municipal,
9028,MS,Campo Grande,Creche e/ou Escola de Educação Infantil,"Educação, Ciência e Tecnologia",Educação Básica,"Retomada e conclusão de obras - Creches, Escolas, Quadras e Cobertura de Quadras",Obra,Em ação preparatória,"740.533,84",-,Municipal,
9029,MS,Campo Grande,Creche e/ou Escola de Educação Infantil,"Educação, Ciência e Tecnologia",Educação Básica,"Retomada e conclusão de obras - Creches, Escolas, Quadras e Cobertura de Quadras",Obra,Concluído,"661.190,84",-,Municipal,
9030,MS,Campo Grande,Creche e/ou Escola de Educação Infantil,"Educação, Ciência e Tecnologia",Educação Básica,"Retomada e conclusão de obras - Creches, Escolas, Quadras e Cobertura de Quadras",Obra,Em execução,"761.190,84",86,Municipal,
9031,MS,Campo Grande,Creche e/ou Escola de Educação Infantil,"Educação, Ciência e Tecnologia",Educação Básica,"Retomada e conclusão de obras - Creches, Escolas, Quadras e Cobertura de Quadras",Obra,Em ação preparatória,"727.281,84",-,Municipal,
9032,MS,Campo Grande,Creche e/ou Escola de Educação Infantil,"Educação, Ciência e Tecnologia",Educação Básica,"Retomada e conclusão de obras - Creches, Escolas, Quadras e Cobertura de Quadras",Obra,Em execução,"859.547,84",52,Municipal,
9182,MS,Campo Grande,Creche e/ou Escola de Educação Infantil,"Educação, Ciência e Tecnologia",Educação Básica,Pacto Nacional pela Retomada das Obras da Educação,Obra,Em ação preparatória,"1.891.719,49",-,Municipal,
9183,MS,Campo Grande,Creche e/ou Escola de Educação Infantil,"Educação, Ciência e Tecnologia",Educação Básica,Pacto Nacional pela Retomada das Obras da Educação,Obra,Em ação preparatória,"2.125.375,93",-,Municipal,
6293,MS,Campo Grande,Escola de Ensino Fundamental,"Educação, Ciência e Tecnologia",Educação Básica,Pacto Nacional pela Retomada das Obras da Educação,Obra,Em ação preparatória,"3.875.093,33",-,Municipal,
12860,MS,Campo Grande,Escola em Tempo Integral,"Educação, Ciência e Tecnologia",Educação Básica,Seleção - Escolas em Tempo Integral,Obra,Em licitação / Leilão,"11.395.866,16",-,Municipal,Mais Informações
8195,MS,Campo Grande,Reforma de Escola,"Educação, Ciência e Tecnologia",Educação Básica,"Retomada e conclusão de obras - Creches, Escolas, Quadras e Cobertura de Quadras",Obra,Concluído,"2.797.315,93",-,Estadual,
8286,MS,Caracol,Reforma de Escola,"Educação, Ciência e Tecnologia",Educação Básica,"Retomada e conclusão de obras - Creches, Escolas, Quadras e Cobertura de Quadras",Obra,Concluído,"315.765,50",-,Estadual,
12240,MS,Cassilândia,Creche e/ou Escola de Educação Infantil,"Educação, Ciência e Tecnologia",Educação Básica,Seleção - Creches e Escolas de Educação Infantil,Obra,Em licitação / Leilão,"5.549.425,15",-,Municipal,Mais Informações
6131,MS,Cassilândia,Escola de Ensino Fundamental,"Educação, Ciência e Tecnologia",Educação Básica,Pacto Nacional pela Retomada das Obras da Educação,Obra,Concluído,"1.840.110,47",-,Municipal,
13438,MS,Cassilândia,Transporte Escolar,"Educação, Ciência e Tecnologia",Educação Básica,Seleção - Transporte Escolar,Equipamento,Concluído,"398.500,00",-,Municipal,Mais Informações
12751,MS,Chapadão do Sul,Escola em Tempo Integral,"Educação, Ciência e Tecnologia",Educação Básica,Seleção - Escolas em Tempo Integral,Obra,Em licitação / Leilão,"11.395.866,16",-,Municipal,Mais Informações
13725,MS,Chapadão do Sul,Transporte Escolar,"Educação, Ciência e Tecnologia",Educação Básica,Seleção - Transporte Escolar,Equipamento,Concluído,"398.500,00",-,Municipal,Mais Informações
11931,MS,Coronel Sapucaia,Creche e/ou Escola de Educação Infantil,"Educação, Ciência e Tecnologia",Educação Básica,Seleção - Creches e Escolas de Educação Infantil,Obra,Em licitação / Leilão,"3.265.044,36",-,Municipal,Mais Informações
13181,MS,Coronel Sapucaia,Escola em Tempo Integral,"Educação, Ciência e Tecnologia",Educação Básica,Seleção - Escolas em Tempo Integral,Obra,Em licitação / Leilão,"11.395.866,16",-,Municipal,Mais Informações
8238,MS,Coronel Sapucaia,Reforma de Escola,"Educação, Ciência e Tecnologia",Educação Básica,"Retomada e conclusão de obras - Creches, Escolas, Quadras e Cobertura de Quadras",Obra,Concluído,"192.498,83",-,Estadual,
14525,MS,Coronel Sapucaia,Transporte Escolar,"Educação, Ciência e Tecnologia",Educação Básica,Seleção - Transporte Escolar,Equipamento,Concluído,"581.878,00",-,Municipal,Mais Informações
12779,MS,Corumbá,Escola em Tempo Integral,"Educação, Ciência e Tecnologia",Educação Básica,Seleção - Escolas em Tempo Integral,Obra,Em licitação / Leilão,"8.122.538,05",-,Municipal,Mais Informações
8242,MS,Corumbá,Quadra e/ou Cobertura de Quadra,"Educação, Ciência e Tecnologia",Educação Básica,"Retomada e conclusão de obras - Creches, Escolas, Quadras e Cobertura de Quadras",Obra,Em execução,"263.191,42",100,Estadual,
8349,MS,Corumbá,Reforma de Escola,"Educação, Ciência e Tecnologia",Educação Básica,"Retomada e conclusão de obras - Creches, Escolas, Quadras e Cobertura de Quadras",Obra,Concluído,"192.560,38",-,Estadual,
14422,MS,Corumbá,Transporte Escolar,"Educação, Ciência e Tecnologia",Educação Básica,Seleção - Transporte Escolar,Equipamento,Concluído,"469.499,00",-,Municipal,Mais Informações
12113,MS,Coxim,Creche e/ou Escola de Educação Infantil,"Educação, Ciência e Tecnologia",Educação Básica,Seleção - Creches e Escolas de Educação Infantil,Obra,Em ação preparatória,"5.549.425,15",-,Municipal,Mais Informações
10117,MS,Deodápolis,Creche e/ou Escola de Educação Infantil,"Educação, Ciência e Tecnologia",Educação Básica,Pacto Nacional pela Retomada das Obras da Educação,Obra,Em ação preparatória,"999.653,00",-,Municipal,
12706,MS,Deodápolis,Escola em Tempo Integral,"Educação, Ciência e Tecnologia",Educação Básica,Seleção - Escolas em Tempo Integral,Obra,Em licitação / Leilão,"11.395.866,16",-,Municipal,Mais Informações
13520,MS,Deodápolis,Transporte Escolar,"Educação, Ciência e Tecnologia",Educação Básica,Seleção - Transporte Escolar,Equipamento,Concluído,"412.000,00",-,Municipal,Mais Informações
3437,MS,Dois Irmãos do Buriti,Creche e/ou Escola de Educação Infantil,"Educação, Ciência e Tecnologia",Educação Básica,"Retomada e conclusão de obras - Creches, Escolas, Quadras e Cobertura de Quadras",Obra,Concluído,"760.358,41",-,Municipal,
8745,MS,Douradina,Creche e/ou Escola de Educação Infantil,"Educação, Ciência e Tecnologia",Educação Básica,Pacto Nacional pela Retomada das Obras da Educação,Obra,Em ação preparatória,"745.962,19",-,Municipal,
7602,MS,Dourados,Creche e/ou Escola de Educação Infantil,"Educação, Ciência e Tecnologia",Educação Básica,Pacto Nacional pela Retomada das Obras da Educação,Obra,Em licitação / Leilão,"2.775.226,73",-,Municipal,
9285,MS,Dourados,Creche e/ou Escola de Educação Infantil,"Educação, Ciência e Tecnologia",Educação Básica,Pacto Nacional pela Retomada das Obras da Educação,Obra,Em ação preparatória,"801.778,47",-,Municipal,
9286,MS,Dourados,Creche e/ou Escola de Educação Infantil,"Educação, Ciência e Tecnologia",Educação Básica,Pacto Nacional pela Retomada das Obras da Educação,Obra,Em execução,"776.026,97",97,Municipal,
9287,MS,Dourados,Creche e/ou Escola de Educação Infantil,"Educação, Ciência e Tecnologia",Educação Básica,Pacto Nacional pela Retomada das Obras da Educação,Obra,Em ação preparatória,"2.857.211,62",-,Municipal,
8065,MS,Dourados,Escola de Ensino Fundamental,"Educação, Ciência e Tecnologia",Educação Básica,"Retomada e conclusão de obras - Creches, Escolas, Quadras e Cobertura de Quadras",Obra,Em ação preparatória,"5.133.476,88",-,Municipal,
8066,MS,Dourados,Escola de Ensino Fundamental,"Educação, Ciência e Tecnologia",Educação Básica,"Retomada e conclusão de obras - Creches, Escolas, Quadras e Cobertura de Quadras",Obra,Em ação preparatória,"5.133.476,88",-,Municipal,
8067,MS,Dourados,Escola de Ensino Fundamental,"Educação, Ciência e Tecnologia",Educação Básica,"Retomada e conclusão de obras - Creches, Escolas, Quadras e Cobertura de Quadras",Obra,Em ação preparatória,"5.133.476,88",-,Municipal,
5299,MS,Dourados,Quadra e/ou Cobertura de Quadra,"Educação, Ciência e Tecnologia",Educação Básica,Pacto Nacional pela Retomada das Obras da Educação,Obra,Em licitação / Leilão,"898.307,43",-,Municipal,
6673,MS,Dourados,Quadra e/ou Cobertura de Quadra,"Educação, Ciência e Tecnologia",Educação Básica,Pacto Nacional pela Retomada das Obras da Educação,Obra,Em licitação / Leilão,"223.368,00",-,Municipal,
6674,MS,Dourados,Quadra e/ou Cobertura de Quadra,"Educação, Ciência e Tecnologia",Educação Básica,Pacto Nacional pela Retomada das Obras da Educação,Obra,Em licitação / Leilão,"71.858,00",-,Municipal,
7665,MS,Dourados,Quadra e/ou Cobertura de Quadra,"Educação, Ciência e Tecnologia",Educação Básica,Pacto Nacional pela Retomada das Obras da Educação,Obra,Em ação preparatória,"729.212,49",-,Municipal,
11676,MS,Eldorado,Creche e/ou Escola de Educação Infantil,"Educação, Ciência e Tecnologia",Educação Básica,Seleção - Creches e Escolas de Educação Infantil,Obra,Em licitação / Leilão,"5.549.425,15",-,Municipal,Mais Informações
11698,MS,Glória de Dourados,Creche e/ou Escola de Educação Infantil,"Educação, Ciência e Tecnologia",Educação Básica,Seleção - Creches e Escolas de Educação Infantil,Obra,Em ação preparatória,"5.549.425,15",-,Municipal,Mais Informações
12343,MS,Guia Lopes da Laguna,Creche e/ou Escola de Educação Infantil,"Educação, Ciência e Tecnologia",Educação Básica,Seleção - Creches e Escolas de Educação Infantil,Obra,Em licitação / Leilão,"5.549.425,15",-,Municipal,Mais Informações
5721,MS,Iguatemi,Creche e/ou Escola de Educação Infantil,"Educação, Ciência e Tecnologia",Educação Básica,"Retomada e conclusão de obras - Creches, Escolas, Quadras e Cobertura de Quadras",Obra,Concluído,"313.204,89",-,Municipal,
11495,MS,Inocência,Creche e/ou Escola de Educação Infantil,"Educação, Ciência e Tecnologia",Educação Básica,Seleção - Creches e Escolas de Educação Infantil,Obra,Em licitação / Leilão,"5.549.425,15",-,Municipal,Mais Informações
5329,MS,Inocência,Quadra e/ou Cobertura de Quadra,"Educação, Ciência e Tecnologia",Educação Básica,"Retomada e conclusão de obras - Creches, Escolas, Quadras e Cobertura de Quadras",Obra,Concluído,"96.855,97",-,Municipal,
8313,MS,Inocência,Quadra e/ou Cobertura de Quadra,"Educação, Ciência e Tecnologia",Educação Básica,"Retomada e conclusão de obras - Creches, Escolas, Quadras e Cobertura de Quadras",Obra,Em execução,"985.626,08",61,Municipal,
11009,MS,Itaporã,Ampliação de Escola,"Educação, Ciência e Tecnologia",Educação Básica,"Retomada e conclusão de obras - Creches, Escolas, Quadras e Cobertura de Quadras",Obra,Concluído,"27.678,00",-,Estadual,
6346,MS,Itaquiraí,Creche e/ou Escola de Educação Infantil,"Educação, Ciência e Tecnologia",Educação Básica,Pacto Nacional pela Retomada das Obras da Educação,Obra,Em ação preparatória,"1.000.383,10",-,Municipal,
14051,MS,Itaquiraí,Transporte Escolar,"Educação, Ciência e Tecnologia",Educação Básica,Seleção - Transporte Escolar,Equipamento,Concluído,"469.499,00",-,Municipal,Mais Informações
11515,MS,Ivinhema,Creche e/ou Escola de Educação Infantil,"Educação, Ciência e Tecnologia",Educação Básica,Seleção - Creches e Escolas de Educação Infantil,Obra,Em licitação / Leilão,"5.549.425,15",-,Municipal,Mais Informações
10976,MS,Ivinhema,Reforma de Escola,"Educação, Ciência e Tecnologia",Educação Básica,"Retomada e conclusão de obras - Creches, Escolas, Quadras e Cobertura de Quadras",Obra,Em execução,"998.226,97",90,Municipal,
11631,MS,Japorã,Creche e/ou Escola de Educação Infantil,"Educação, Ciência e Tecnologia",Educação Básica,Seleção - Creches e Escolas de Educação Infantil,Obra,Em licitação / Leilão,"3.265.044,36",-,Municipal,Mais Informações
8376,MS,Jaraguari,Escola de Ensino Fundamental,"Educação, Ciência e Tecnologia",Educação Básica,"Retomada e conclusão de obras - Creches, Escolas, Quadras e Cobertura de Quadras",Obra,Em execução,"6.397.723,80",42,Municipal,
6347,MS,Jardim,Creche e/ou Escola de Educação Infantil,"Educação, Ciência e Tecnologia",Educação Básica,Pacto Nacional pela Retomada das Obras da Educação,Obra,Em licitação / Leilão,"2.296.060,02",-,Municipal,
11677,MS,Jardim,Creche e/ou Escola de Educação Infantil,"Educação, Ciência e Tecnologia",Educação Básica,Seleção - Creches e Escolas de Educação Infantil,Obra,Em licitação / Leilão,"5.549.425,15",-,Municipal,Mais Informações
13078,MS,Ladário,Escola em Tempo Integral,"Educação, Ciência e Tecnologia",Educação Básica,Seleção - Escolas em Tempo Integral,Obra,Em licitação / Leilão,"11.395.866,16",-,Municipal,Mais Informações
12621,MS,Maracaju,Creche e/ou Escola de Educação Infantil,"Educação, Ciência e Tecnologia",Educação Básica,Seleção - Creches e Escolas de Educação Infantil,Obra,Em licitação / Leilão,"5.549.425,15",-,Municipal,Mais Informações
11683,MS,Miranda,Creche e/ou Escola de Educação Infantil,"Educação, Ciência e Tecnologia",Educação Básica,Seleção - Creches e Escolas de Educação Infantil,Obra,Em licitação / Leilão,"3.265.044,36",-,Municipal,Mais Informações
8746,MS,Miranda,Escola de Ensino Fundamental,"Educação, Ciência e Tecnologia",Educação Básica,"Retomada e conclusão de obras - Creches, Escolas, Quadras e Cobertura de Quadras",Obra,Em execução,"486.823,64",40,Municipal,
8747,MS,Miranda,Escola de Ensino Fundamental,"Educação, Ciência e Tecnologia",Educação Básica,"Retomada e conclusão de obras - Creches, Escolas, Quadras e Cobertura de Quadras",Obra,Em execução,"486.823,64",24,Municipal,
5411,MS,Miranda,Quadra e/ou Cobertura de Quadra,"Educação, Ciência e Tecnologia",Educação Básica,"Retomada e conclusão de obras - Creches, Escolas, Quadras e Cobertura de Quadras",Obra,Concluído,"177.923,16",-,Municipal,
8351,MS,Miranda,Reforma de Escola,"Educação, Ciência e Tecnologia",Educação Básica,"Retomada e conclusão de obras - Creches, Escolas, Quadras e Cobertura de Quadras",Obra,Concluído,"364.212,41",-,Estadual,
13746,MS,Miranda,Transporte Escolar,"Educação, Ciência e Tecnologia",Educação Básica,Seleção - Transporte Escolar,Equipamento,Concluído,"398.500,00",-,Municipal,Mais Informações
8559,MS,Naviraí,Creche e/ou Escola de Educação Infantil,"Educação, Ciência e Tecnologia",Educação Básica,"Retomada e conclusão de obras - Creches, Escolas, Quadras e Cobertura de Quadras",Obra,Em ação preparatória,"4.820.534,96",-,Municipal,
11343,MS,Naviraí,Creche e/ou Escola de Educação Infantil,"Educação, Ciência e Tecnologia",Educação Básica,"Retomada e conclusão de obras - Creches, Escolas, Quadras e Cobertura de Quadras",Obra,Concluído,"122.048,34",-,Municipal,
12874,MS,Naviraí,Escola em Tempo Integral,"Educação, Ciência e Tecnologia",Educação Básica,Seleção - Escolas em Tempo Integral,Obra,Em licitação / Leilão,"8.122.538,05",-,Municipal,Mais Informações
11057,MS,Nova Andradina,Creche e/ou Escola de Educação Infantil,"Educação, Ciência e Tecnologia",Educação Básica,"Retomada e conclusão de obras - Creches, Escolas, Quadras e Cobertura de Quadras",Obra,Concluído,"458.683,70",-,Municipal,
13817,MS,Paraíso das Águas,Transporte Escolar,"Educação, Ciência e Tecnologia",Educação Básica,Seleção - Transporte Escolar,Equipamento,Concluído,"412.000,00",-,Municipal,Mais Informações
13013,MS,Paranaíba,Escola em Tempo Integral,"Educação, Ciência e Tecnologia",Educação Básica,Seleção - Escolas em Tempo Integral,Obra,Em licitação / Leilão,"11.395.866,16",-,Municipal,Mais Informações
8196,MS,Paranaíba,Reforma de Escola,"Educação, Ciência e Tecnologia",Educação Básica,"Retomada e conclusão de obras - Creches, Escolas, Quadras e Cobertura de Quadras",Obra,Em execução,"2.308.838,59",83,Estadual,
13957,MS,Paranaíba,Transporte Escolar,"Educação, Ciência e Tecnologia",Educação Básica,Seleção - Transporte Escolar,Equipamento,Concluído,"398.500,00",-,Municipal,Mais Informações
12533,MS,Paranhos,Creche e/ou Escola de Educação Infantil,"Educação, Ciência e Tecnologia",Educação Básica,Seleção - Creches e Escolas de Educação Infantil,Obra,Em ação preparatória,"3.265.044,36",-,Municipal,Mais Informações
14714,MS,Paranhos,Transporte Escolar,"Educação, Ciência e Tecnologia",Educação Básica,Seleção - Transporte Escolar,Equipamento,Concluído,"469.499,00",-,Municipal,Mais Informações
3605,MS,Ponta Porã,Creche e/ou Escola de Educação Infantil,"Educação, Ciência e Tecnologia",Educação Básica,Pacto Nacional pela Retomada das Obras da Educação,Obra,Em ação preparatória,"1.347.587,14",-,Municipal,
5955,MS,Ponta Porã,Creche e/ou Escola de Educação Infantil,"Educação, Ciência e Tecnologia",Educação Básica,"Retomada e conclusão de obras - Creches, Escolas, Quadras e Cobertura de Quadras",Obra,Concluído,"1.344.153,91",-,Municipal,
6348,MS,Ponta Porã,Creche e/ou Escola de Educação Infantil,"Educação, Ciência e Tecnologia",Educação Básica,Pacto Nacional pela Retomada das Obras da Educação,Obra,Em ação preparatória,"896.451,68",-,Municipal,
12778,MS,Ponta Porã,Escola em Tempo Integral,"Educação, Ciência e Tecnologia",Educação Básica,Seleção - Escolas em Tempo Integral,Obra,Em licitação / Leilão,"11.395.866,16",-,Municipal,Mais Informações
12393,MS,Porto Murtinho,Creche e/ou Escola de Educação Infantil,"Educação, Ciência e Tecnologia",Educação Básica,Seleção - Creches e Escolas de Educação Infantil,Obra,Em licitação / Leilão,"5.549.425,15",-,Municipal,Mais Informações
12871,MS,Porto Murtinho,Escola em Tempo Integral,"Educação, Ciência e Tecnologia",Educação Básica,Seleção - Escolas em Tempo Integral,Obra,Em licitação / Leilão,"9.760.332,15",-,Municipal,Mais Informações
12472,MS,Ribas do Rio Pardo,Creche e/ou Escola de Educação Infantil,"Educação, Ciência e Tecnologia",Educação Básica,Seleção - Creches e Escolas de Educação Infantil,Obra,Em ação preparatória,"5.549.425,15",-,Municipal,Mais Informações
14696,MS,Ribas do Rio Pardo,Transporte Escolar,"Educação, Ciência e Tecnologia",Educação Básica,Seleção - Transporte Escolar,Equipamento,Em licitação / Leilão,"412.000,00",-,Municipal,Mais Informações
11907,MS,Rio Brilhante,Creche e/ou Escola de Educação Infantil,"Educação, Ciência e Tecnologia",Educação Básica,Seleção - Creches e Escolas de Educação Infantil,Obra,Em licitação / Leilão,"5.549.425,15",-,Municipal,Mais Informações
13051,MS,Rio Brilhante,Escola em Tempo Integral,"Educação, Ciência e Tecnologia",Educação Básica,Seleção - Escolas em Tempo Integral,Obra,Em licitação / Leilão,"11.395.866,16",-,Municipal,Mais Informações
14072,MS,Rio Brilhante,Transporte Escolar,"Educação, Ciência e Tecnologia",Educação Básica,Seleção - Transporte Escolar,Equipamento,Concluído,"398.500,00",-,Municipal,Mais Informações
13055,MS,Rio Verde de Mato Grosso,Escola em Tempo Integral,"Educação, Ciência e Tecnologia",Educação Básica,Seleção - Escolas em Tempo Integral,Obra,Em licitação / Leilão,"11.395.866,16",-,Municipal,Mais Informações
14346,MS,Rio Verde de Mato Grosso,Transporte Escolar,"Educação, Ciência e Tecnologia",Educação Básica,Seleção - Transporte Escolar,Equipamento,Concluído,"398.500,00",-,Municipal,Mais Informações
14353,MS,Rochedo,Transporte Escolar,"Educação, Ciência e Tecnologia",Educação Básica,Seleção - Transporte Escolar,Equipamento,Concluído,"677.000,00",-,Municipal,Mais Informações
12433,MS,Santa Rita do Pardo,Creche e/ou Escola de Educação Infantil,"Educação, Ciência e Tecnologia",Educação Básica,Seleção - Creches e Escolas de Educação Infantil,Obra,Em licitação / Leilão,"5.549.425,15",-,Municipal,Mais Informações
12872,MS,São Gabriel do Oeste,Escola em Tempo Integral,"Educação, Ciência e Tecnologia",Educação Básica,Seleção - Escolas em Tempo Integral,Obra,Em licitação / Leilão,"9.760.332,15",-,Municipal,Mais Informações
12378,MS,Sidrolândia,Creche e/ou Escola de Educação Infantil,"Educação, Ciência e Tecnologia",Educação Básica,Seleção - Creches e Escolas de Educação Infantil,Obra,Em ação preparatória,"3.265.044,36",-,Municipal,Mais Informações
7274,MS,Sidrolândia,Escola de Ensino Fundamental,"Educação, Ciência e Tecnologia",Educação Básica,"Retomada e conclusão de obras - Creches, Escolas, Quadras e Cobertura de Quadras",Obra,Em execução,"551.314,23",57,Municipal,
7650,MS,Sonora,Creche e/ou Escola de Educação Infantil,"Educação, Ciência e Tecnologia",Educação Básica,"Retomada e conclusão de obras - Creches, Escolas, Quadras e Cobertura de Quadras",Obra,Concluído,"1.159.744,42",-,Municipal,
14591,MS,Sonora,Transporte Escolar,"Educação, Ciência e Tecnologia",Educação Básica,Seleção - Transporte Escolar,Equipamento,Concluído,"677.000,00",-,Municipal,Mais Informações
6852,MS,Tacuru,Escola de Ensino Fundamental,"Educação, Ciência e Tecnologia",Educação Básica,Pacto Nacional pela Retomada das Obras da Educação,Obra,Em ação preparatória,"1.161.705,66",-,Municipal,
8243,MS,Terenos,Reforma de Escola,"Educação, Ciência e Tecnologia",Educação Básica,"Retomada e conclusão de obras - Creches, Escolas, Quadras e Cobertura de Quadras",Obra,Concluído,"1.946.287,48",-,Estadual,
12173,MS,Três Lagoas,Creche e/ou Escola de Educação Infantil,"Educação, Ciência e Tecnologia",Educação Básica,Seleção - Creches e Escolas de Educação Infantil,Obra,Em licitação / Leilão,"5.549.425,15",-,Municipal,Mais Informações
13071,MS,Três Lagoas,Escola em Tempo Integral,"Educação, Ciência e Tecnologia",Educação Básica,Seleção - Escolas em Tempo Integral,Obra,Em licitação / Leilão,"11.395.866,16",-,Municipal,Mais Informações
8240,MS,Três Lagoas,Quadra e/ou Cobertura de Quadra,"Educação, Ciência e Tecnologia",Educação Básica,"Retomada e conclusão de obras - Creches, Escolas, Quadras e Cobertura de Quadras",Obra,Concluído,"243.999,90",-,Estadual,
14419,MS,Três Lagoas,Transporte Escolar,"Educação, Ciência e Tecnologia",Educação Básica,Seleção - Transporte Escolar,Equipamento,Concluído,"469.499,00",-,Municipal,Mais Informações
11414,MS,Amambaí,Construção do Campus Amambaí,"Educação, Ciência e Tecnologia",Educação Profissional e Tecnológica,Expansão da Rede de Institutos Federais,Obra,Em licitação / Leilão,"15.000.000,00",-,Federal,
18243,MS,Aquidauana,Restaurante Estudantil do Campus Aquidauana - IFMS,"Educação, Ciência e Tecnologia",Educação Profissional e Tecnológica,"Consolidação e Reestruturação da Rede Federal de Educação Profissional, Científica e Tecnológica - EPCT",Obra,Em licitação / Leilão,"1.700.000,00",-,Federal,
18247,MS,Campo Grande,Biblioteca do Campus Campo Grande - IFMS,"Educação, Ciência e Tecnologia",Educação Profissional e Tecnológica,"Consolidação e Reestruturação da Rede Federal de Educação Profissional, Científica e Tecnológica - EPCT",Obra,Em ação preparatória,"1.500.000,00",-,Federal,
10355,MS,Campo Grande,Equipamento e Mobiliário de diversos campi -  IFMS,"Educação, Ciência e Tecnologia",Educação Profissional e Tecnológica,"Consolidação e Reestruturação da Rede Federal de Educação Profissional, Científica e Tecnológica - EPCT",Equipamento,Concluído,"3.560.023,08",-,Federal,
10197,MS,Campo Grande,Estruturas Acadêmicas do Campus Campo Grande - IFMS,"Educação, Ciência e Tecnologia",Educação Profissional e Tecnológica,"Consolidação e Reestruturação da Rede Federal de Educação Profissional, Científica e Tecnológica - EPCT",Obra,Concluído,"2.908.889,05",-,Federal,
18245,MS,Campo Grande,Restaurante Estudantil do Campus Campo Grande - IFMS,"Educação, Ciência e Tecnologia",Educação Profissional e Tecnológica,"Consolidação e Reestruturação da Rede Federal de Educação Profissional, Científica e Tecnológica - EPCT",Obra,Em execução,"1.700.000,00","16,9",Federal,
10245,MS,Corumbá,Centro de Convivência do Campus Corumbá - IFMS,"Educação, Ciência e Tecnologia",Educação Profissional e Tecnológica,"Consolidação e Reestruturação da Rede Federal de Educação Profissional, Científica e Tecnológica - EPCT",Obra,Concluído,"864.670,43",-,Federal,
18249,MS,Corumbá,Restaurante Estudantil do Campus Corumbá - IFMS,"Educação, Ciência e Tecnologia",Educação Profissional e Tecnológica,"Consolidação e Reestruturação da Rede Federal de Educação Profissional, Científica e Tecnológica - EPCT",Obra,Em licitação / Leilão,"1.700.000,00",-,Federal,
18251,MS,Coxim,Restaurante Estudantil do Campus Coxim - IFMS,"Educação, Ciência e Tecnologia",Educação Profissional e Tecnológica,"Consolidação e Reestruturação da Rede Federal de Educação Profissional, Científica e Tecnológica - EPCT",Obra,Em licitação / Leilão,"1.700.000,00",-,Federal,
18255,MS,Dourados,Biblioteca do Campus Dourados - IFMS,"Educação, Ciência e Tecnologia",Educação Profissional e Tecnológica,"Consolidação e Reestruturação da Rede Federal de Educação Profissional, Científica e Tecnológica - EPCT",Obra,Em ação preparatória,"1.500.000,00",-,Federal,
10344,MS,Dourados,Estruturas Acadêmicas do Campus Dourados - IFMS,"Educação, Ciência e Tecnologia",Educação Profissional e Tecnológica,"Consolidação e Reestruturação da Rede Federal de Educação Profissional, Científica e Tecnológica - EPCT",Obra,Concluído,"382.294,24",-,Federal,
18253,MS,Dourados,Restaurante Estudantil do Campus Dourados - IFMS,"Educação, Ciência e Tecnologia",Educação Profissional e Tecnológica,"Consolidação e Reestruturação da Rede Federal de Educação Profissional, Científica e Tecnológica - EPCT",Obra,Em licitação / Leilão,"1.700.000,00",-,Federal,
10167,MS,Jardim,Estruturas Acadêmicas do Campus Jardim -  IFMS,"Educação, Ciência e Tecnologia",Educação Profissional e Tecnológica,"Consolidação e Reestruturação da Rede Federal de Educação Profissional, Científica e Tecnológica - EPCT",Obra,Concluído,"1.794.363,95",-,Federal,
18257,MS,Jardim,Restaurante Estudantil do Campus Jardim - IFMS,"Educação, Ciência e Tecnologia",Educação Profissional e Tecnológica,"Consolidação e Reestruturação da Rede Federal de Educação Profissional, Científica e Tecnológica - EPCT",Obra,Em licitação / Leilão,"1.700.000,00",-,Federal,
18259,MS,Naviraí,Estruturas Acadêmicas e Administrativas do Campus Naviraí - IFMS,"Educação, Ciência e Tecnologia",Educação Profissional e Tecnológica,"Consolidação e Reestruturação da Rede Federal de Educação Profissional, Científica e Tecnológica - EPCT",Obra,Em ação preparatória,"5.653.882,82",-,Federal,
11413,MS,Paranaíba,Construção do Campus Paranaíba,"Educação, Ciência e Tecnologia",Educação Profissional e Tecnológica,Expansão da Rede de Institutos Federais,Obra,Em licitação / Leilão,"15.000.000,00",-,Federal,
18261,MS,Ponta Porã,Restaurante Estudantil do Campus Ponta Porã - IFMS,"Educação, Ciência e Tecnologia",Educação Profissional e Tecnológica,"Consolidação e Reestruturação da Rede Federal de Educação Profissional, Científica e Tecnológica - EPCT",Obra,Em execução,"1.700.000,00",0,Federal,
10207,MS,Três Lagoas,Complexo Esportivo do Campus Três Lagoas -  IFMS,"Educação, Ciência e Tecnologia",Educação Profissional e Tecnológica,"Consolidação e Reestruturação da Rede Federal de Educação Profissional, Científica e Tecnológica - EPCT",Obra,Concluído,"634.504,53",-,Federal,
18263,MS,Três Lagoas,Restaurante Estudantil do Campus Três Lagoas - IFMS,"Educação, Ciência e Tecnologia",Educação Profissional e Tecnológica,"Consolidação e Reestruturação da Rede Federal de Educação Profissional, Científica e Tecnológica - EPCT",Obra,Em ação preparatória,"1.700.000,00",-,Federal,
17067,MS,Aquidauana,Complexo Esportivo e/ou Culturais do Campus de Aquidauna - CPAQ - UFMS,"Educação, Ciência e Tecnologia",Educação Superior,Consolidação e Reestruturação das Universidades Federais,Obra,Em execução,"1.000.000,33",0,Federal,
17069,MS,Campo Grande,Estruturas Acadêmicas - Edifício da  Faculdade de Direito - UFMS,"Educação, Ciência e Tecnologia",Educação Superior,Consolidação e Reestruturação das Universidades Federais,Obra,Em execução,"5.800.000,00","4,2",Federal,
17071,MS,Campo Grande,Estruturas Acadêmicas do Campus Sede - UFMS,"Educação, Ciência e Tecnologia",Educação Superior,Consolidação e Reestruturação das Universidades Federais,Obra,Em execução,"6.900.000,00","27,1",Federal,
10401,MS,Campo Grande,Infraestrutura CEPAN III - UFMS,"Educação, Ciência e Tecnologia",Educação Superior,Consolidação e Reestruturação das Universidades Federais,Obra,Em execução,"1.175.627,00","54,2",Federal,
10402,MS,Campo Grande,Infraestrutura e Urbanização - Setor Aginova do Campus Sede - UFMS,"Educação, Ciência e Tecnologia",Educação Superior,Consolidação e Reestruturação das Universidades Federais,Obra,Em execução,"497.749,86","71,3",Federal,
10403,MS,Campo Grande,Infraestrutura e Urbanização - Unidade de Psicologia do Campus Sede - UFMS,"Educação, Ciência e Tecnologia",Educação Superior,Consolidação e Reestruturação das Universidades Federais,Obra,Em execução,"70.502,51","41,4",Federal,
2023,MS,Campo Grande,Reforma com ampliação do Hospital Universitário de Campo Grande - HUMAP/UFMS - Campo Grande / MS,"Educação, Ciência e Tecnologia",Educação Superior,"Retomada, conclusão e novas obras em Hospitais Universitários Federais",Obra,Em execução,"9.513.650,00",0,Federal,
2373,MS,Campo Grande,Reforma do Hospital Universitário de Campo Grande - HU/UFMS - Campos Grande / MS,"Educação, Ciência e Tecnologia",Educação Superior,"Retomada, conclusão e novas obras em Hospitais Universitários Federais",Obra,Em execução,"12.000.000,00","35,2",Federal,
17073,MS,Chapadão do Sul,Complexo Esportivo do Campus de Chapadão do Sul- UFMS,"Educação, Ciência e Tecnologia",Educação Superior,Consolidação e Reestruturação das Universidades Federais,Obra,Em execução,"1.000.000,33",0,Federal,
17075,MS,Coxim,Complexo Esportivo e/ou Culturais do Campus de Coxim - CPCX - UFMS,"Educação, Ciência e Tecnologia",Educação Superior,Consolidação e Reestruturação das Universidades Federais,Obra,Em execução,"1.000.000,33",0,Federal,
2032,MS,Dourados,Ampliação do Hospital Universitário de Dourados - HU-UFGD - Dourados / MS,"Educação, Ciência e Tecnologia",Educação Superior,"Retomada, conclusão e novas obras em Hospitais Universitários Federais",Obra,Em execução,"31.000.000,00","12,8",Federal,
17445,MS,Dourados,Instalações prediais da Faculdade de Educação a Distância - UFGD,"Educação, Ciência e Tecnologia",Educação Superior,Consolidação e Reestruturação das Universidades Federais,Obra,Em licitação / Leilão,"7.400.000,00",-,Federal,
2383,MS,Dourados,Reforma do Hospital Universitário de Dourados - HU/UFGD - Dourados / MS,"Educação, Ciência e Tecnologia",Educação Superior,"Retomada, conclusão e novas obras em Hospitais Universitários Federais",Obra,Em execução,"13.000.000,00",0,Federal,
17077,MS,Dourados,Salas de Aula do Campus Dourados - UFGD,"Educação, Ciência e Tecnologia",Educação Superior,Consolidação e Reestruturação das Universidades Federais,Obra,Em ação preparatória,"10.600.000,00",-,Federal,
17079,MS,Naviraí,Complexo Esportivo e/ou Culturais do Campus de Navirai - CPNV - UFMS,"Educação, Ciência e Tecnologia",Educação Superior,Consolidação e Reestruturação das Universidades Federais,Obra,Em execução,"1.000.000,33",0,Federal,
17081,MS,Nova Andradina,Complexo Esportivo e/ou Culturais do Campus de Nova Andradina - CPNA - UFMS,"Educação, Ciência e Tecnologia",Educação Superior,Consolidação e Reestruturação das Universidades Federais,Obra,Em execução,"1.000.000,33",0,Federal,
17083,MS,Paranaíba,Complexo Esportivo e/ou Culturais do Campus de Paranaiba - CPAR - UFMS,"Educação, Ciência e Tecnologia",Educação Superior,Consolidação e Reestruturação das Universidades Federais,Obra,Em execução,"1.000.000,33",0,Federal,
17085,MS,Ponta Porã,Complexo Esportivo e/ou Culturais do Campus de Ponta Porã - CPPP - UFMS,"Educação, Ciência e Tecnologia",Educação Superior,Consolidação e Reestruturação das Universidades Federais,Obra,Em execução,"1.000.000,33",0,Federal,
17087,MS,Três Lagoas,Complexo Esportivo e/ou Culturais do Campus de Três Lagoas - CPTL - UFMS,"Educação, Ciência e Tecnologia",Educação Superior,Consolidação e Reestruturação das Universidades Federais,Obra,Em execução,"1.000.000,33",0,Federal,
2183,MS,Campo Grande,Modernização e Reestruturação da Estrutura de Pesquisa - Embrapa Gado de Corte,"Educação, Ciência e Tecnologia",Inovação e Pesquisa,Equipamentos para pesquisa agropecuária,Equipamento,Em execução,"5.662.020,00",24,Federal,
2191,MS,Corumbá,Modernização e Reestruturação da Estrutura de Pesquisa – Embrapa Pantanal,"Educação, Ciência e Tecnologia",Inovação e Pesquisa,Equipamentos para pesquisa agropecuária,Equipamento,Em execução,"3.381.000,00",29,Federal,
2171,MS,Dourados,Modernização de Estrutura de Pesquisa - Embrapa Agropecuária Oeste,"Educação, Ciência e Tecnologia",Inovação e Pesquisa,Equipamentos para pesquisa agropecuária,Equipamento,Em execução,"4.277.500,00","26,5",Federal,
10690,MS,-,Conectividade nas Escolas do Ensino Básico - MS - 1354 Escolas,Inclusão Digital e Conectividade,Conectividade nas escolas e nas unidades de saúde,Conexão de Escolas,Obra,Em execução,"0,00","74,7",Federal,
17547,MS,Campo Grande,Implantação de Sistema de Triagem Automatizado em Campo Grande/MS,Inclusão Digital e Conectividade,Serviços postais,Sistemas de Triagem Automatizados,Equipamento,Em execução,"615.000,00",50,Federal,
1423,MS,Amambai,CEU da Cultura,Infraestrutura Social e Inclusiva,Cultura,Seleção - CEUs da Cultura,Obra,Em ação preparatória,"2.000.000,00",-,Estadual,Mais Informações
1435,MS,Campo Grande,CEU da Cultura,Infraestrutura Social e Inclusiva,Cultura,Seleção - CEUs da Cultura,Obra,Em ação preparatória,"2.000.000,00",-,Estadual,Mais Informações
933,MS,Campo Grande,Projetos de Engenharia - Patrimônio Histórico,Infraestrutura Social e Inclusiva,Cultura,Seleção - Projetos de Restauros do Patrimônio Histórico,Estudo / Projeto / Plano,Em ação preparatória,"800.000,00",-,Municipal,Mais Informações
702,MS,Campo Grande,Retomada - CEU das Artes,Infraestrutura Social e Inclusiva,Cultura,Retomada e conclusão de obras - CEU das Artes,Obra,Em execução,"950.260,00","71,5",Municipal,
771,MS,Corumbá,Restauração do Antigo Mercadão e Requalificação da Praça Uruguai,Infraestrutura Social e Inclusiva,Cultura,"Retomada, conclusão e novas obras do Patrimônio Histórico",Obra,Em ação preparatória,"4.723.383,00",-,Municipal,
666,MS,Corumbá,Restauração do Antigo Presídio - Casa do Artesão,Infraestrutura Social e Inclusiva,Cultura,"Retomada, conclusão e novas obras do Patrimônio Histórico",Obra,Em ação preparatória,"3.124.677,00",-,Municipal,
875,MS,Corumbá,Restauração do Casarão da Comissão Mista,Infraestrutura Social e Inclusiva,Cultura,"Retomada, conclusão e novas obras do Patrimônio Histórico",Obra,Em ação preparatória,"2.633.147,00",-,Federal,
626,MS,Corumbá,Restauração do casarão do ILA - Instituto Luiz de Albuquerque,Infraestrutura Social e Inclusiva,Cultura,"Retomada, conclusão e novas obras do Patrimônio Histórico",Obra,Em ação preparatória,"18.585,00",-,Municipal,
879,MS,Corumbá,Restauração do Prédio da Antiga Prefeitura,Infraestrutura Social e Inclusiva,Cultura,"Retomada, conclusão e novas obras do Patrimônio Histórico",Obra,Em ação preparatória,"3.395.194,00",-,Federal,
883,MS,Corumbá,Restauração do Prédio do Antigo Hotel Internacional,Infraestrutura Social e Inclusiva,Cultura,"Retomada, conclusão e novas obras do Patrimônio Histórico",Obra,Em ação preparatória,"3.943.609,00",-,Federal,
1529,MS,Dourados,CEU da Cultura,Infraestrutura Social e Inclusiva,Cultura,Seleção - CEUs da Cultura,Obra,Em ação preparatória,"2.000.000,00",-,Estadual,Mais Informações
1415,MS,Naviraí,CEU da Cultura,Infraestrutura Social e Inclusiva,Cultura,Seleção - CEUs da Cultura,Obra,Em ação preparatória,"2.000.000,00",-,Estadual,Mais Informações
79,MS,Aquidauana,Espaço Esportivo Comunitário,Infraestrutura Social e Inclusiva,Esportes,Seleção - Espaços Esportivos Comunitários,Obra,Em licitação / Leilão,"1.500.000,00",-,Municipal,Mais Informações
497,MS,Campo Grande,Espaço Esportivo Comunitário,Infraestrutura Social e Inclusiva,Esportes,Seleção - Espaços Esportivos Comunitários,Obra,Em ação preparatória,"1.500.000,00",-,Municipal,Mais Informações
39,MS,Corumbá,Centro de Iniciação ao Esporte - CIE,Infraestrutura Social e Inclusiva,Esportes,Retomada e conclusão de obras - Centros Esportivos,Obra,Em ação preparatória,"6.179.143,41",-,Municipal,
519,MS,Sidrolândia,Espaço Esportivo Comunitário,Infraestrutura Social e Inclusiva,Esportes,Seleção - Espaços Esportivos Comunitários,Obra,Em licitação / Leilão,"1.500.000,00",-,Municipal,Mais Informações
570,MS,Campo Grande,Centro Comunitário pela Vida,Infraestrutura Social e Inclusiva,Segurança Pública com Cidadania,Seleção - Centros Comunitários pela Vida - CONVIVE,Obra,Em ação preparatória,"15.700.000,00",-,Municipal,Mais Informações
19588,MS,Anastácio,Centro de Atenção Psicossocial (CAPS),Saúde,Atenção Especializada,Seleção - Centros de Atenção Psicossocial - CAPS,Obra,Em licitação / Leilão,"2.141.000,00",-,Municipal,Mais Informações
19792,MS,Anastácio,Nova Ambulância  - SAMU,Saúde,Atenção Especializada,Seleção - Aquisição de ambulâncias SAMU 192,Equipamento,Em ação preparatória,"324.000,00",-,Municipal,Mais Informações
21917,MS,Aquidauana,Renovação de Frota - Ambulância SAMU 192,Saúde,Atenção Especializada,Renovação de Frota Ambulância do SAMU 192,Equipamento,Concluído,"289.000,00",-,Municipal,
19701,MS,Aral Moreira,Nova Ambulância  - SAMU,Saúde,Atenção Especializada,Seleção - Aquisição de ambulâncias SAMU 192,Equipamento,Em ação preparatória,"324.000,00",-,Municipal,Mais Informações
19621,MS,Bela Vista,Nova Ambulância  - SAMU,Saúde,Atenção Especializada,Seleção - Aquisição de ambulâncias SAMU 192,Equipamento,Em ação preparatória,"470.000,00",-,Municipal,Mais Informações
19740,MS,Caarapó,Nova Ambulância  - SAMU,Saúde,Atenção Especializada,Seleção - Aquisição de ambulâncias SAMU 192,Equipamento,Em ação preparatória,"324.000,00",-,Municipal,Mais Informações
19477,MS,Campo Grande,Centro de Atenção Psicossocial (CAPS),Saúde,Atenção Especializada,Seleção - Centros de Atenção Psicossocial - CAPS,Obra,Em ação preparatória,"2.493.000,00",-,Municipal,Mais Informações
19446,MS,Campo Grande,Maternidade,Saúde,Atenção Especializada,Seleção - Maternidades,Obra,Em ação preparatória,"153.000.000,00",-,Estadual,Mais Informações
19681,MS,Campo Grande,Nova Ambulância  - SAMU,Saúde,Atenção Especializada,Seleção - Aquisição de ambulâncias SAMU 192,Equipamento,Concluído,"1.944.000,00",-,Municipal,Mais Informações
10594,MS,Campo Grande,PER SUS - Hospital Regional de Mato Grosso Sul – Campo Grande/MS,Saúde,Atenção Especializada,Radioterapia - Soluções de Radioterapia - PERSUS I,Obra,Em execução,"13.875.930,91",70,Federal,
19342,MS,Campo Grande,Policlínica,Saúde,Atenção Especializada,Seleção - Policlínicas,Obra,Em ação preparatória,"30.000.000,00",-,Estadual,Mais Informações
21918,MS,Campo Grande,Renovação de Frota - Ambulância SAMU 192,Saúde,Atenção Especializada,Renovação de Frota Ambulância do SAMU 192,Equipamento,Concluído,"289.000,00",-,Municipal,
21919,MS,Campo Grande,Renovação de Frota - Ambulância SAMU 192,Saúde,Atenção Especializada,Renovação de Frota Ambulância do SAMU 192,Equipamento,Concluído,"289.000,00",-,Municipal,
21920,MS,Campo Grande,Renovação de Frota - Ambulância SAMU 192,Saúde,Atenção Especializada,Renovação de Frota Ambulância do SAMU 192,Equipamento,Concluído,"289.000,00",-,Municipal,
21921,MS,Campo Grande,Renovação de Frota - Ambulância SAMU 192,Saúde,Atenção Especializada,Renovação de Frota Ambulância do SAMU 192,Equipamento,Concluído,"289.000,00",-,Municipal,
21922,MS,Campo Grande,Renovação de Frota - Ambulância SAMU 192,Saúde,Atenção Especializada,Renovação de Frota Ambulância do SAMU 192,Equipamento,Concluído,"289.000,00",-,Municipal,
21923,MS,Campo Grande,Renovação de Frota - Ambulância SAMU 192,Saúde,Atenção Especializada,Renovação de Frota Ambulância do SAMU 192,Equipamento,Concluído,"289.000,00",-,Municipal,
21924,MS,Campo Grande,Renovação de Frota - Ambulância SAMU 192,Saúde,Atenção Especializada,Renovação de Frota Ambulância do SAMU 192,Equipamento,Em ação preparatória,"289.000,00",-,Municipal,
19389,MS,Corumbá,Centro de Parto Normal (CPN),Saúde,Atenção Especializada,Seleção - Centros de Parto Normal,Obra,Em licitação / Leilão,"3.567.000,00",-,Municipal,Mais Informações
21925,MS,Corumbá,Renovação de Frota - Ambulância SAMU 192,Saúde,Atenção Especializada,Renovação de Frota Ambulância do SAMU 192,Equipamento,Concluído,"289.000,00",-,Municipal,
21926,MS,Corumbá,Renovação de Frota - Ambulância SAMU 192,Saúde,Atenção Especializada,Renovação de Frota Ambulância do SAMU 192,Equipamento,Concluído,"289.000,00",-,Municipal,
21927,MS,Corumbá,Renovação de Frota - Ambulância SAMU 192,Saúde,Atenção Especializada,Renovação de Frota Ambulância do SAMU 192,Equipamento,Concluído,"289.000,00",-,Municipal,
19753,MS,Coxim,Nova Ambulância  - SAMU,Saúde,Atenção Especializada,Seleção - Aquisição de ambulâncias SAMU 192,Equipamento,Em ação preparatória,"324.000,00",-,Municipal,Mais Informações
21928,MS,Coxim,Renovação de Frota - Ambulância SAMU 192,Saúde,Atenção Especializada,Renovação de Frota Ambulância do SAMU 192,Equipamento,Concluído,"289.000,00",-,Municipal,
20452,MS,Dourados,Central de Regulação - Ambulância do SAMU,Saúde,Atenção Especializada,Seleção - Centrais de Regulação das Urgências - SAMU,Obra,Em ação preparatória,"3.056.945,00",-,Municipal,Mais Informações
10861,MS,Dourados,Centro de Atenção Psicossocial (CAPS),Saúde,Atenção Especializada,Centros Especializados de Saúde,Obra,Em ação preparatória,"2.351.000,00",-,Municipal,
19463,MS,Dourados,Centro de Atenção Psicossocial (CAPS),Saúde,Atenção Especializada,Seleção - Centros de Atenção Psicossocial - CAPS,Obra,Em ação preparatória,"2.141.000,00",-,Municipal,Mais Informações
19441,MS,Dourados,Maternidade,Saúde,Atenção Especializada,Seleção - Maternidades,Obra,Em ação preparatória,"153.000.000,00",-,Municipal,Mais Informações
19677,MS,Dourados,Nova Ambulância  - SAMU,Saúde,Atenção Especializada,Seleção - Aquisição de ambulâncias SAMU 192,Equipamento,Em ação preparatória,"324.000,00",-,Municipal,Mais Informações
19316,MS,Dourados,Policlínica,Saúde,Atenção Especializada,Seleção - Policlínicas,Obra,Em ação preparatória,"30.000.000,00",-,Municipal,Mais Informações
21929,MS,Dourados,Renovação de Frota - Ambulância SAMU 192,Saúde,Atenção Especializada,Renovação de Frota Ambulância do SAMU 192,Equipamento,Concluído,"289.000,00",-,Municipal,
21930,MS,Dourados,Renovação de Frota - Ambulância SAMU 192,Saúde,Atenção Especializada,Renovação de Frota Ambulância do SAMU 192,Equipamento,Concluído,"289.000,00",-,Municipal,
21931,MS,Dourados,Renovação de Frota - Ambulância SAMU 192,Saúde,Atenção Especializada,Renovação de Frota Ambulância do SAMU 192,Equipamento,Em ação preparatória,"289.000,00",-,Municipal,
19731,MS,Fátima do Sul,Nova Ambulância  - SAMU,Saúde,Atenção Especializada,Seleção - Aquisição de ambulâncias SAMU 192,Equipamento,Em ação preparatória,"324.000,00",-,Municipal,Mais Informações
19695,MS,Itaquiraí,Nova Ambulância  - SAMU,Saúde,Atenção Especializada,Seleção - Aquisição de ambulâncias SAMU 192,Equipamento,Em ação preparatória,"324.000,00",-,Municipal,Mais Informações
19523,MS,Ivinhema,Centro de Atenção Psicossocial (CAPS),Saúde,Atenção Especializada,Seleção - Centros de Atenção Psicossocial - CAPS,Obra,Em licitação / Leilão,"2.141.000,00",-,Municipal,Mais Informações
19690,MS,Ivinhema,Nova Ambulância  - SAMU,Saúde,Atenção Especializada,Seleção - Aquisição de ambulâncias SAMU 192,Equipamento,Em ação preparatória,"324.000,00",-,Municipal,Mais Informações
19665,MS,Miranda,Nova Ambulância  - SAMU,Saúde,Atenção Especializada,Seleção - Aquisição de ambulâncias SAMU 192,Equipamento,Em ação preparatória,"648.000,00",-,Municipal,Mais Informações
21932,MS,Naviraí,Renovação de Frota - Ambulância SAMU 192,Saúde,Atenção Especializada,Renovação de Frota Ambulância do SAMU 192,Equipamento,Concluído,"289.000,00",-,Municipal,
19727,MS,Nova Andradina,Nova Ambulância  - SAMU,Saúde,Atenção Especializada,Seleção - Aquisição de ambulâncias SAMU 192,Equipamento,Em ação preparatória,"324.000,00",-,Municipal,Mais Informações
21933,MS,Nova Andradina,Renovação de Frota - Ambulância SAMU 192,Saúde,Atenção Especializada,Renovação de Frota Ambulância do SAMU 192,Equipamento,Concluído,"289.000,00",-,Municipal,
19652,MS,Ponta Porã,Nova Ambulância  - SAMU,Saúde,Atenção Especializada,Seleção - Aquisição de ambulâncias SAMU 192,Equipamento,Concluído,"324.000,00",-,Municipal,Mais Informações
19407,MS,Ponta Porã,Oficina Ortopédica,Saúde,Atenção Especializada,Seleção - Oficinas Ortopédicas,Obra,Em licitação / Leilão,"1.180.000,00",-,Municipal,Mais Informações
21934,MS,Ponta Porã,Renovação de Frota - Ambulância SAMU 192,Saúde,Atenção Especializada,Renovação de Frota Ambulância do SAMU 192,Equipamento,Concluído,"289.000,00",-,Municipal,
19770,MS,Porto Murtinho,Nova Ambulância  - SAMU,Saúde,Atenção Especializada,Seleção - Aquisição de ambulâncias SAMU 192,Equipamento,Em ação preparatória,"324.000,00",-,Municipal,Mais Informações
19657,MS,Ribas do Rio Pardo,Nova Ambulância  - SAMU,Saúde,Atenção Especializada,Seleção - Aquisição de ambulâncias SAMU 192,Equipamento,Em ação preparatória,"470.000,00",-,Municipal,Mais Informações
20414,MS,Rochedo,Nova Ambulância  - SAMU,Saúde,Atenção Especializada,Seleção - Aquisição de ambulâncias SAMU 192,Equipamento,Em ação preparatória,"324.000,00",-,Municipal,Mais Informações
21935,MS,São Gabriel do Oeste,Renovação de Frota - Ambulância SAMU 192,Saúde,Atenção Especializada,Renovação de Frota Ambulância do SAMU 192,Equipamento,Concluído,"289.000,00",-,Municipal,
21936,MS,Sidrolândia,Renovação de Frota - Ambulância SAMU 192,Saúde,Atenção Especializada,Renovação de Frota Ambulância do SAMU 192,Equipamento,Concluído,"289.000,00",-,Municipal,
19672,MS,Tacuru,Nova Ambulância  - SAMU,Saúde,Atenção Especializada,Seleção - Aquisição de ambulâncias SAMU 192,Equipamento,Em ação preparatória,"324.000,00",-,Municipal,Mais Informações
21937,MS,Terenos,Renovação de Frota - Ambulância SAMU 192,Saúde,Atenção Especializada,Renovação de Frota Ambulância do SAMU 192,Equipamento,Concluído,"289.000,00",-,Municipal,
19592,MS,Três Lagoas,Centro de Atenção Psicossocial (CAPS),Saúde,Atenção Especializada,Seleção - Centros de Atenção Psicossocial - CAPS,Obra,Em licitação / Leilão,"2.141.000,00",-,Municipal,Mais Informações
16704,MS,Água Clara,Unidade Básica de Saúde - UBS,Saúde,Atenção Primária,Seleção - Unidades Básicas de Saúde - UBSs,Obra,Em execução,"1.881.388,00",6,Municipal,Mais Informações
17951,MS,Amambai,Unidade Básica de Saúde - UBS,Saúde,Atenção Primária,Seleção - Unidades Básicas de Saúde - UBSs,Obra,Em execução,"1.881.388,00",2,Municipal,Mais Informações
18770,MS,Anastácio,Unidade Básica de Saúde - UBS,Saúde,Atenção Primária,Seleção - Unidades Básicas de Saúde - UBSs,Obra,Em licitação / Leilão,"1.881.388,00",-,Municipal,Mais Informações
15399,MS,Antônio João,Retomada - Construção de Unidade Básica de Saúde - UBS,Saúde,Atenção Primária,Retomada de Obras - Saúde,Obra,Em ação preparatória,"0,00",-,Municipal,
17494,MS,Antônio João,Unidade Básica de Saúde - UBS,Saúde,Atenção Primária,Seleção - Unidades Básicas de Saúde - UBSs,Obra,Em licitação / Leilão,"1.881.388,00",-,Municipal,Mais Informações
18919,MS,Antônio João,Unidade Odontológica Móvel - UOM,Saúde,Atenção Primária,Seleção - Unidades Odontológicas Móveis - UOMs,Equipamento,Em execução,"379.890,00",6,Municipal,Mais Informações
17623,MS,Aparecida do Taboado,Unidade Básica de Saúde - UBS,Saúde,Atenção Primária,Seleção - Unidades Básicas de Saúde - UBSs,Obra,Em licitação / Leilão,"1.881.388,00",-,Municipal,Mais Informações
18953,MS,Aquidauana,Unidade Odontológica Móvel - UOM,Saúde,Atenção Primária,Seleção - Unidades Odontológicas Móveis - UOMs,Equipamento,Em execução,"379.890,00",6,Municipal,Mais Informações
16706,MS,Bandeirantes,Unidade Básica de Saúde - UBS,Saúde,Atenção Primária,Seleção - Unidades Básicas de Saúde - UBSs,Obra,Em licitação / Leilão,"1.881.388,00",-,Municipal,Mais Informações
18514,MS,Bataguassu,Unidade Básica de Saúde - UBS,Saúde,Atenção Primária,Seleção - Unidades Básicas de Saúde - UBSs,Obra,Em licitação / Leilão,"1.881.388,00",-,Municipal,Mais Informações
15403,MS,Bela Vista,Retomada - Construção de Unidade Básica de Saúde - UBS,Saúde,Atenção Primária,Retomada de Obras - Saúde,Obra,Em ação preparatória,"81.600,00",-,Municipal,
15404,MS,Bela Vista,Retomada - Construção de Unidade Básica de Saúde - UBS,Saúde,Atenção Primária,Retomada de Obras - Saúde,Obra,Em ação preparatória,"81.600,00",-,Municipal,
15405,MS,Bela Vista,Retomada - Construção de Unidade Básica de Saúde - UBS,Saúde,Atenção Primária,Retomada de Obras - Saúde,Obra,Em ação preparatória,"81.600,00",-,Municipal,
18132,MS,Bela Vista,Unidade Básica de Saúde - UBS,Saúde,Atenção Primária,Seleção - Unidades Básicas de Saúde - UBSs,Obra,Em execução,"2.276.907,00",0,Municipal,Mais Informações
18837,MS,Bonito,Unidade Básica de Saúde - UBS,Saúde,Atenção Primária,Seleção - Unidades Básicas de Saúde - UBSs,Obra,Em licitação / Leilão,"2.276.907,00",-,Municipal,Mais Informações
16924,MS,Caarapó,Unidade Básica de Saúde - UBS,Saúde,Atenção Primária,Seleção - Unidades Básicas de Saúde - UBSs,Obra,Em execução,"2.276.907,00",0,Municipal,Mais Informações
19016,MS,Caarapó,Unidade Odontológica Móvel - UOM,Saúde,Atenção Primária,Seleção - Unidades Odontológicas Móveis - UOMs,Equipamento,Em execução,"379.890,00",6,Municipal,Mais Informações
16968,MS,Campo Grande,Unidade Básica de Saúde - UBS,Saúde,Atenção Primária,Seleção - Unidades Básicas de Saúde - UBSs,Obra,Em ação preparatória,"4.945.820,00",-,Municipal,Mais Informações
15407,MS,Cassilândia,Retomada - Construção de Unidade Básica de Saúde - UBS,Saúde,Atenção Primária,Retomada de Obras - Saúde,Obra,Concluído,"0,00",-,Municipal,
16410,MS,Cassilândia,Unidade Básica de Saúde - UBS,Saúde,Atenção Primária,Seleção - Unidades Básicas de Saúde - UBSs,Obra,Em execução,"2.276.907,00",0,Municipal,Mais Informações
16650,MS,Chapadão do Sul,Unidade Básica de Saúde - UBS,Saúde,Atenção Primária,Seleção - Unidades Básicas de Saúde - UBSs,Obra,Em execução,"2.584.792,00",10,Municipal,Mais Informações
17332,MS,Corumbá,Unidade Básica de Saúde - UBS,Saúde,Atenção Primária,Seleção - Unidades Básicas de Saúde - UBSs,Obra,Em ação preparatória,"2.276.907,00",-,Municipal,Mais Informações
19036,MS,Corumbá,Unidade Odontológica Móvel - UOM,Saúde,Atenção Primária,Seleção - Unidades Odontológicas Móveis - UOMs,Equipamento,Em execução,"379.890,00",6,Municipal,Mais Informações
18398,MS,Costa Rica,Unidade Básica de Saúde - UBS,Saúde,Atenção Primária,Seleção - Unidades Básicas de Saúde - UBSs,Obra,Em execução,"4.945.820,00",0,Municipal,Mais Informações
17916,MS,Coxim,Unidade Básica de Saúde - UBS,Saúde,Atenção Primária,Seleção - Unidades Básicas de Saúde - UBSs,Obra,Em licitação / Leilão,"1.881.388,00",-,Municipal,Mais Informações
16836,MS,Dourados,Unidade Básica de Saúde - UBS,Saúde,Atenção Primária,Seleção - Unidades Básicas de Saúde - UBSs,Obra,Em licitação / Leilão,"4.945.820,00",-,Municipal,Mais Informações
10719,MS,Eldorado,Ampliação de UBS Indígena - Cerrito,Saúde,Atenção Primária,Unidades Básicas de Saúde Indígena - UBSI,Obra,Concluído,"575.527,84",-,Federal,
16707,MS,Eldorado,Unidade Básica de Saúde - UBS,Saúde,Atenção Primária,Seleção - Unidades Básicas de Saúde - UBSs,Obra,Em execução,"1.881.388,00",0,Municipal,Mais Informações
17994,MS,Figueirão,Unidade Básica de Saúde - UBS,Saúde,Atenção Primária,Seleção - Unidades Básicas de Saúde - UBSs,Obra,Em execução,"1.881.388,00",33,Municipal,Mais Informações
18108,MS,Iguatemi,Unidade Básica de Saúde - UBS,Saúde,Atenção Primária,Seleção - Unidades Básicas de Saúde - UBSs,Obra,Em execução,"1.881.388,00",23,Municipal,Mais Informações
17132,MS,Ivinhema,Unidade Básica de Saúde - UBS,Saúde,Atenção Primária,Seleção - Unidades Básicas de Saúde - UBSs,Obra,Em licitação / Leilão,"1.881.388,00",-,Municipal,Mais Informações
16708,MS,Jardim,Unidade Básica de Saúde - UBS,Saúde,Atenção Primária,Seleção - Unidades Básicas de Saúde - UBSs,Obra,Em execução,"2.276.907,00",0,Municipal,Mais Informações
16785,MS,Juti,Unidade Básica de Saúde - UBS,Saúde,Atenção Primária,Seleção - Unidades Básicas de Saúde - UBSs,Obra,Em execução,"1.881.388,00",0,Municipal,Mais Informações
18698,MS,Maracaju,Unidade Básica de Saúde - UBS,Saúde,Atenção Primária,Seleção - Unidades Básicas de Saúde - UBSs,Obra,Em licitação / Leilão,"1.881.388,00",-,Municipal,Mais Informações
16709,MS,Naviraí,Unidade Básica de Saúde - UBS,Saúde,Atenção Primária,Seleção - Unidades Básicas de Saúde - UBSs,Obra,Em execução,"1.881.388,00",0,Municipal,Mais Informações
10746,MS,Nioaque,Construção de UBS Indígena - Cabeceira,Saúde,Atenção Primária,Unidades Básicas de Saúde Indígena - UBSI,Obra,Em ação preparatória,"49.774,42",-,Federal,
16284,MS,Nova Alvorada do Sul,Unidade Básica de Saúde - UBS,Saúde,Atenção Primária,Seleção - Unidades Básicas de Saúde - UBSs,Obra,Em execução,"2.276.907,00",4,Municipal,Mais Informações
18466,MS,Nova Andradina,Unidade Básica de Saúde - UBS,Saúde,Atenção Primária,Seleção - Unidades Básicas de Saúde - UBSs,Obra,Em execução,"1.881.388,00",0,Municipal,Mais Informações
15400,MS,Paranaíba,Retomada - Construção de Unidade Básica de Saúde - UBS,Saúde,Atenção Primária,Retomada de Obras - Saúde,Obra,Concluído,"81.600,00",-,Municipal,
15401,MS,Paranaíba,Retomada - Construção de Unidade Básica de Saúde - UBS,Saúde,Atenção Primária,Retomada de Obras - Saúde,Obra,Concluído,"102.400,00",-,Municipal,
17104,MS,Paranhos,Unidade Básica de Saúde - UBS,Saúde,Atenção Primária,Seleção - Unidades Básicas de Saúde - UBSs,Obra,Em licitação / Leilão,"1.881.388,00",-,Municipal,Mais Informações
16766,MS,Ponta Porã,Unidade Básica de Saúde - UBS,Saúde,Atenção Primária,Seleção - Unidades Básicas de Saúde - UBSs,Obra,Em licitação / Leilão,"1.881.388,00",-,Municipal,Mais Informações
16711,MS,Porto Murtinho,Unidade Básica de Saúde - UBS,Saúde,Atenção Primária,Seleção - Unidades Básicas de Saúde - UBSs,Obra,Em execução,"1.881.388,00",1,Municipal,Mais Informações
18968,MS,Porto Murtinho,Unidade Odontológica Móvel - UOM,Saúde,Atenção Primária,Seleção - Unidades Odontológicas Móveis - UOMs,Equipamento,Em execução,"379.890,00",6,Municipal,Mais Informações
18842,MS,Ribas do Rio Pardo,Unidade Básica de Saúde - UBS,Saúde,Atenção Primária,Seleção - Unidades Básicas de Saúde - UBSs,Obra,Em execução,"1.881.388,00",30,Municipal,Mais Informações
19290,MS,Ribas do Rio Pardo,Unidade Odontológica Móvel - UOM,Saúde,Atenção Primária,Seleção - Unidades Odontológicas Móveis - UOMs,Equipamento,Em execução,"379.890,00",6,Municipal,Mais Informações
16642,MS,Rio Brilhante,Unidade Básica de Saúde - UBS,Saúde,Atenção Primária,Seleção - Unidades Básicas de Saúde - UBSs,Obra,Em licitação / Leilão,"2.276.907,00",-,Municipal,Mais Informações
15402,MS,Rio Negro,Retomada - Construção de Unidade Básica de Saúde - UBS,Saúde,Atenção Primária,Retomada de Obras - Saúde,Obra,Concluído,"81.600,00",-,Municipal,
16412,MS,São Gabriel do Oeste,Unidade Básica de Saúde - UBS,Saúde,Atenção Primária,Seleção - Unidades Básicas de Saúde - UBSs,Obra,Em execução,"1.881.388,00",0,Municipal,Mais Informações
18404,MS,Selvíria,Unidade Básica de Saúde - UBS,Saúde,Atenção Primária,Seleção - Unidades Básicas de Saúde - UBSs,Obra,Em execução,"1.881.388,00",0,Municipal,Mais Informações
10756,MS,Sidrolândia,Construção de UBS Indígena - Lagoinha,Saúde,Atenção Primária,Unidades Básicas de Saúde Indígena - UBSI,Obra,Em execução,"44.298,75","91,6",Federal,
17832,MS,Sidrolândia,Unidade Básica de Saúde - UBS,Saúde,Atenção Primária,Seleção - Unidades Básicas de Saúde - UBSs,Obra,Em licitação / Leilão,"4.945.820,00",-,Municipal,Mais Informações
16788,MS,Tacuru,Unidade Básica de Saúde - UBS,Saúde,Atenção Primária,Seleção - Unidades Básicas de Saúde - UBSs,Obra,Em execução,"1.881.388,00",0,Municipal,Mais Informações
15406,MS,Três Lagoas,Retomada - Construção de Unidade Básica de Saúde - UBS,Saúde,Atenção Primária,Retomada de Obras - Saúde,Obra,Concluído,"0,00",-,Municipal,
18180,MS,Três Lagoas,Unidade Básica de Saúde - UBS,Saúde,Atenção Primária,Seleção - Unidades Básicas de Saúde - UBSs,Obra,Em licitação / Leilão,"4.945.820,00",-,Municipal,Mais Informações
10774,MS,Campo Grande,Estruturação de Laboratório de Saúde Pública,Saúde,Preparação para Emergências Sanitárias,Equipamentos para Laboratórios de Saúde Pública,Equipamento,Em execução,"6.502.219,00",44,Estadual,
20305,MS,Campo Grande,Equipamento multimídia para Teleconsulta,Saúde,Telessaúde,Equipamentos multimídia para Teleconsulta,Equipamento,Em licitação / Leilão,"60.000,00",-,Municipal,
10804,MS,Campo Grande,Núcleo de Telessaúde - FIOCRUZ/MS,Saúde,Telessaúde,Núcleos de Telessaúde,Estudo / Projeto / Plano,Concluído,"675.669,35",-,Federal,
20306,MS,Cassilândia,Equipamento multimídia para Teleconsulta,Saúde,Telessaúde,Equipamentos multimídia para Teleconsulta,Equipamento,Em licitação / Leilão,"15.000,00",-,Municipal,
20307,MS,Corumbá,Equipamento multimídia para Teleconsulta,Saúde,Telessaúde,Equipamentos multimídia para Teleconsulta,Equipamento,Em licitação / Leilão,"30.000,00",-,Municipal,
20308,MS,Iguatemi,Equipamento multimídia para Teleconsulta,Saúde,Telessaúde,Equipamentos multimídia para Teleconsulta,Equipamento,Em licitação / Leilão,"15.000,00",-,Municipal,
20343,MS,Jaraguari,Equipamento multimídia para Teleconsulta,Saúde,Telessaúde,Equipamentos multimídia para Teleconsulta,Equipamento,Em licitação / Leilão,"15.000,00",-,Municipal,
20309,MS,Miranda,Equipamento multimídia para Teleconsulta,Saúde,Telessaúde,Equipamentos multimídia para Teleconsulta,Equipamento,Em licitação / Leilão,"15.000,00",-,Municipal,
1614,MS,Caarapó,Usina de Etanol,Transição e Segurança Energética,Combustíveis de baixo carbono,Etanol de Segunda Geração,Obra,Em execução,"1.380.010.000,00","10,8",Privado,
2232,MS,Corumbá,IP CORUMBÁ,Transição e Segurança Energética,Eficiência Energética,PPP em Implantação ou Licitada,Concessão / PPP,Em execução,"18.800.000,00",0,Municipal,
16533,MS,Maracaju,UTE Cerradinho MS1,Transição e Segurança Energética,Geração de Energia,Térmica Renovável,Obra,Em execução,"84.214.884,00",100,Privado,
16339,MS,Paraíso das Águas,PCH Fundãozinho,Transição e Segurança Energética,Geração de Energia,Pequenas Centrais Hidrelétricas,Obra,Em execução,"112.782.296,00","89,8",Privado,
16231,MS,Paranaíba,UTE Cedro,Transição e Segurança Energética,Geração de Energia,Térmica Renovável,Obra,Em execução,"103.649.088,00",9,Privado,
1610,MS,Ribas do Rio Pardo,UTE Suzano RRP1,Transição e Segurança Energética,Geração de Energia,Térmica Renovável,Obra,Concluído,"978.591.038,00",-,Privado,
16535,MS,Sidrolândia,UTE Inpasa Sidrolândia,Transição e Segurança Energética,Geração de Energia,Térmica Renovável,Obra,Concluído,"114.717.946,00",-,Privado,
16639,MS,Três Lagoas,Planta de fertilizantes nitrogenados em Três Lagoas (MS) - UFN-III (PETROBRAS),Transição e Segurança Energética,Petróleo e Gás,"RTCPG - Refino, Transporte, Comercialização, Petroquímica e Gásquímica",Obra,Em ação preparatória,*,-,Federal,
3149,MS,-, LT 230 kV Dourados (MS) – Guaíra (MS) – 6 km,Transição e Segurança Energética,Transmissão de Energia,Conclusão de obras em andamento,Obra,Em ação preparatória,"93.786.000,00",-,Privado,
3197,MS,-,LT 230 kV Campo Grande 2 (MS) - Paraíso 2 (MS) – 224 km,Transição e Segurança Energética,Transmissão de Energia,Conclusão de obras em andamento,Obra,Concluído,"259.594.776,00",-,Privado,
2108,MS,-,"LT 230 kV Inocência (MS) - Ilha Solteira 2, C4 (MS) – 75 km",Transição e Segurança Energética,Transmissão de Energia,Novas obras,Concessão / PPP,Em ação preparatória,"123.334.447,00",-,Privado,
3199,MS,-,LT 230kV Paraíso 2 (MS) - Chapadão (MS) – 65 km,Transição e Segurança Energética,Transmissão de Energia,Conclusão de obras em andamento,Obra,Concluído,"180.917.592,00",-,Privado,
22085,MS,-,SE 230/138 kV Anastácio (MS),Transição e Segurança Energética,Transmissão de Energia,Novas obras,Obra,Em ação preparatória,"98.370.473,00",-,Privado,
1114,MS,Campo Grande,Investimentos no Aeroporto de Campo Grande-MS,Transporte Eficiente e Sustentável,Aeroportos,Investimentos das Concessões Existentes,Obra,Em execução,"213.424.369,00",0,Privado,
1116,MS,Corumbá,Investimentos no Aeroporto de Corumbá-MS,Transporte Eficiente e Sustentável,Aeroportos,Investimentos das Concessões Existentes,Obra,Em execução,"157.569.937,00",0,Privado,
1022,MS,Dourados,Aeroporto de Dourados-MS: Nova Pista e Novo Terminal,Transporte Eficiente e Sustentável,Aeroportos,Retomada e Conclusão,Obra,Concluído,"18.436.368,34",-,Federal,
1024,MS,Dourados,Aeroporto de Dourados-MS: Nova Pista e Novo Terminal,Transporte Eficiente e Sustentável,Aeroportos,Novas obras,Obra,Em licitação / Leilão,"37.851.481,04",-,Estadual,
1160,MS,Ponta Porã,Investimentos no Aeroporto de Ponta Porã-MS,Transporte Eficiente e Sustentável,Aeroportos,Investimentos das Concessões Existentes,Obra,Em execução,"213.227.087,00",0,Privado,
22116,MS,-,Manutenção e Restauração Rodoviária - Mato Grosso do Sul - 2023,Transporte Eficiente e Sustentável,Rodovias,Manutenção/Restauração,Obra,Concluído,"483.151.641,56",-,Federal,
22143,MS,-,Manutenção e Restauração Rodoviária - Mato Grosso do Sul - 2024,Transporte Eficiente e Sustentável,Rodovias,Manutenção/Restauração,Obra,Concluído,"353.406.629,70",-,Federal,
22170,MS,-,Manutenção e Restauração Rodoviária - Mato Grosso do Sul - 2025,Transporte Eficiente e Sustentável,Rodovias,Manutenção/Restauração,Obra,Em execução,"364.297.218,28",30,Federal,
22197,MS,-,Manutenção e Restauração Rodoviária - Mato Grosso do Sul - 2026,Transporte Eficiente e Sustentável,Rodovias,Manutenção/Restauração,Obra,Em ação preparatória,"364.954.339,87",-,Federal,
854,MS,Aquidauana,Construção da BR-419/MS (Rio Verde do Mato Grosso – Aquidauana) (lote 4),Transporte Eficiente e Sustentável,Rodovias,Construção,Obra,Em execução,"308.345.170,82",78,Federal,
2003,MS,"Aquidauana, Rio Verde de Mato Grosso",Construção da BR-419/MS (Rio Verde do Mato Grosso – Aquidauana) (2 lotes),Transporte Eficiente e Sustentável,Rodovias,"Planejamento, Estudos e Projetos",Estudo / Projeto,Em licitação / Leilão,"0,00",-,Federal,
2131,MS,"Bandeirantes, Campo Grande, Coxim, Rio Verde de Mato Grosso, São Gabriel do Oeste, Sonora",BR-163/MS - Lote Norte,Transporte Eficiente e Sustentável,Rodovias,Estudos para Novas Concessões,Concessão / PPP - Estudos,Em execução,"5.000.000,00",50,Federal,
2132,MS,"Caarapó, Campo Grande, Dourados, Eldorado, Itaquiraí, Naviraí, Nova Alvorada do Sul, Rio Brilhante",BR-163/267/MS - Lote Sul,Transporte Eficiente e Sustentável,Rodovias,Estudos para Novas Concessões,Concessão / PPP - Estudos,Em execução,"5.000.000,00",50,Federal,
2010,MS,"Caracol, Porto Murtinho",Adequação da BR-267/MS,Transporte Eficiente e Sustentável,Rodovias,"Planejamento, Estudos e Projetos",Estudo / Projeto,Em execução,"0,00",100,Federal,
964,MS,Dourados,Adequação da travessia urbana de Dourados,Transporte Eficiente e Sustentável,Rodovias,Duplicação/Adequação,Obra,Em ação preparatória,"52.121.062,55",-,Federal,
850,MS,Porto Murtinho,Adequação e Construção do acesso à Nova ponte sobre o rio Paraguai em Porto Murtinho - BR-267/MS,Transporte Eficiente e Sustentável,Rodovias,Duplicação/Adequação,Obra,Em execução,"551.343.999,00",5,Federal,
2054,MS,"Sonora, Pedro Gomes, Coxim, Rio Verde de Mato Grosso, São Gabriel do Oeste, Camapuã, Bandeirantes, Rochedo, Jaraguari, Campo Grande, Sidrolândia, Nova Alvorada do Sul, Rio Brilhante, Douradina, Dourados, Caarapó, Juti, Naviraí, Itaquiraí, Eldorado, Mundo Novo",BR-163/MS (Div. MS/PR - Div. MS/MT),Transporte Eficiente e Sustentável,Rodovias,Investimentos das Concessões Existentes,Concessão / PPP - Obra,Em execução,"5.537.222.147,00",5,Privado,
852,MS,Três Lagoas,Construção do Contorno de Três Lagoas - BR-158/262/MS,Transporte Eficiente e Sustentável,Rodovias,Construção,Obra,Em ação preparatória,"229.355.310,94",-,Federal,
1560,"MS, PR","Guaíra, Mundo Novo",Restauração da Ponte Ayrton Senna (Guaíra) e Acessos – BR-163/PR,Transporte Eficiente e Sustentável,Rodovias,"Planejamento, Estudos e Projetos",Estudo / Projeto,Concluído,"0,00",-,Federal,
1348,"MS, SP","Pereira Barreto, Três Lagoas","""Crema"" das Eclusas de Jupiá e Três Irmãos",Transporte Eficiente e Sustentável,Hidrovias,Eclusa - Operação e Manutenção,Obra,Em execução,"55.684.424,38","33,7",Federal,
,,,,,,,,,,,,
"Filtros aplicados:
sig_uf é MS",,,,,,,,,,,,
